word,lexicon
Sarah,CSO
Emma,CSO
Ella,CSO
Katie,CSO
Sophie,CSO
Ava,CSO
Aoife,CSO
Emily,CSO
Grace,CSO
Kate,CSO
Amy,CSO
Ciara,CSO
Hannah,CSO
Lucy,CSO
Chloe,CSO
Leah,CSO
Caoimhe,CSO
Niamh,CSO
Rachel,CSO
Anna,CSO
Jessica,CSO
Lauren,CSO
Molly,CSO
Mia,CSO
Rebecca,CSO
Saoirse,CSO
Roisin,CSO
Lily,CSO
Abbie,CSO
Megan,CSO
Ellie,CSO
Holly,CSO
Laura,CSO
Ruby,CSO
Ellen,CSO
Aisling,CSO
aine,CSO
Nicole,CSO
Clodagh,CSO
Erin,CSO
Eva,CSO
Olivia,CSO
Isabelle,CSO
Caitlin,CSO
Abigail,CSO
Tara,CSO
Katelyn,CSO
Amelia,CSO
Julia,CSO
Shauna,CSO
Eimear,CSO
Sophia,CSO
Kayla,CSO
Zoe,CSO
Kayleigh,CSO
Robyn,CSO
Mary,CSO
Maria,CSO
Aoibhe,CSO
Orla,CSO
Alannah,CSO
Eabha,CSO
Elizabeth,CSO
Aimee,CSO
Sinead,CSO
Isabel,CSO
Alexandra,CSO
Amber,CSO
Cara,CSO
Sadhbh,CSO
Shannon,CSO
Isabella,CSO
Brooke,CSO
Eve,CSO
Abby,CSO
Orlaith,CSO
Victoria,CSO
Maeve,CSO
Alice,CSO
Zara,CSO
Sara,CSO
Aoibhinn,CSO
Charlotte,CSO
Clara,CSO
Jasmine,CSO
Millie,CSO
Faye,CSO
Hazel,CSO
Isobel,CSO
Taylor,CSO
Aoibheann,CSO
Muireann,CSO
Alisha,CSO
Lara,CSO
Jennifer,CSO
Alex,CSO
Freya,CSO
Jane,CSO
Heather,CSO
Maya,CSO
Ruth,CSO
Grainne,CSO
Louise,CSO
Michaela,CSO
Michelle,CSO
Gemma,CSO
Alicia,CSO
Leona,CSO
Ailbhe,CSO
Alanna,CSO
Fiona,CSO
Maja,CSO
Meabh,CSO
Alison,CSO
Catherine,CSO
Danielle,CSO
Lilly,CSO
Naomi,CSO
Nicola,CSO
Oliwia,CSO
Doireann,CSO
Lisa,CSO
Margaret,CSO
Siofra,CSO
Sorcha,CSO
Tori,CSO
Georgia,CSO
Jodie,CSO
Layla,CSO
Mya,CSO
Andrea,CSO
Kelly,CSO
Annie,CSO
Zuzanna,CSO
Ali,CSO
Evie,CSO
Laoise,CSO
Naoise,CSO
Vanessa,CSO
Wiktoria,CSO
Abbey,CSO
Abi,CSO
Leanne,CSO
Alana,CSO
Chelsea,CSO
Claire,CSO
Emer,CSO
Sienna,CSO
Siobhan,CSO
Hayley,CSO
Natalia,CSO
Sofia,CSO
Eleanor,CSO
Keelin,CSO
Madison,CSO
Shona,CSO
Casey,CSO
Jade,CSO
Keira,CSO
Aoibhin,CSO
Carla,CSO
Kelsey,CSO
Kathleen,CSO
Cora,CSO
Daisy,CSO
Gabrielle,CSO
Hollie,CSO
Kaitlyn,CSO
Rose,CSO
Bridget,CSO
Julie,CSO
Melissa,CSO
Natasha,CSO
Beth,CSO
Moya,CSO
Keeva,CSO
Angel,CSO
Cassie,CSO
Erica,CSO
Faith,CSO
Rachael,CSO
Aleksandra,CSO
Jenna,CSO
Lucia,CSO
Stephanie,CSO
Christina,CSO
Cliodhna,CSO
Martyna,CSO
Emilia,CSO
Martha,CSO
Riona,CSO
Elena,CSO
Ashley,CSO
Libby,CSO
Yasmin,CSO
Amanda,CSO
Amelie,CSO
Claudia,CSO
Dearbhla,CSO
Karolina,CSO
Siun,CSO
Brianna,CSO
Bronagh,CSO
Eadaoin,CSO
Kellie,CSO
Lydia,CSO
Nadia,CSO
Nora,CSO
Rhianna,CSO
Sasha,CSO
Teagan,CSO
Alyssa,CSO
Lena,CSO
Nina,CSO
Aishling,CSO
Cliona,CSO
Kacey,CSO
Kirsten,CSO
Nadine,CSO
Paige,CSO
Tegan,CSO
Aideen,CSO
Caragh,CSO
Courtney,CSO
Gabriela,CSO
Hanna,CSO
Helena,CSO
Juliette,CSO
Katherine,CSO
Keeley,CSO
Nikola,CSO
Patricia,CSO
Aaliyah,CSO
Blathnaid,CSO
Diana,CSO
Joanna,CSO
Karen,CSO
Lola,CSO
Mollie,CSO
Rosie,CSO
Carly,CSO
Chantelle,CSO
Fatima,CSO
Helen,CSO
Juliet,CSO
Maggie,CSO
Marie,CSO
Matilda,CSO
Sharon,CSO
Tia,CSO
Ashling,CSO
Darcy,CSO
Edel,CSO
Heidi,CSO
Keela,CSO
Kim,CSO
Lexie,CSO
Summer,CSO
Ann,CSO
Elisha,CSO
Lea,CSO
Maebh,CSO
Natalie,CSO
Poppy,CSO
Sally,CSO
Una,CSO
Ally,CSO
Avril,CSO
Beibhinn,CSO
Caroline,CSO
Daria,CSO
Evelyn,CSO
Gabija,CSO
Jill,CSO
Jorja,CSO
Kara,CSO
Kyra,CSO
Lia,CSO
Meadhbh,CSO
Neasa,CSO
Rihanna,CSO
Sadie,CSO
Samantha,CSO
Stella,CSO
Weronika,CSO
Ana,CSO
Annabel,CSO
Charley,CSO
Elle,CSO
Kamile,CSO
Kiera,CSO
Linda,CSO
Phoebe,CSO
Sabrina,CSO
Zofia,CSO
Ailish,CSO
Alesha,CSO
Kerri,CSO
Laila,CSO
Leila,CSO
Nikita,CSO
Rhea,CSO
Sandra,CSO
Savannah,CSO
Shania,CSO
Skye,CSO
Aislinn,CSO
Ayla,CSO
Bethany,CSO
Charlie,CSO
Daniella,CSO
Demi,CSO
India,CSO
Josephine,CSO
Joy,CSO
Karina,CSO
Lana,CSO
Lucie,CSO
Mairead,CSO
Melanie,CSO
Patrycja,CSO
Ria,CSO
Sadbh,CSO
Yasmine,CSO
Zoey,CSO
April,CSO
Abbi,CSO
Allie,CSO
Beatrice,CSO
Caitlyn,CSO
Carrie,CSO
Deirdre,CSO
Erika,CSO
Gracie,CSO
Jemma,CSO
Joanne,CSO
Kamila,CSO
Kasey,CSO
Kathlyn,CSO
Lorna,CSO
Maia,CSO
Nessa,CSO
Paulina,CSO
Simone,CSO
Susan,CSO
Tess,CSO
Toni,CSO
Aisha,CSO
Alexa,CSO
Blaithin,CSO
Cadhla,CSO
Caitriona,CSO
Caoilinn,CSO
Dominika,CSO
Eilish,CSO
Eliza,CSO
Emilie,CSO
Esther,CSO
Favour,CSO
Isobelle,CSO
Jasmin,CSO
Keisha,CSO
Kerry,CSO
Klaudia,CSO
Lexi,CSO
Meghan,CSO
Mischa,CSO
Pia,CSO
Serena,CSO
Suzanne,CSO
Tessa,CSO
Veronica,CSO
Ada,CSO
Alicja,CSO
Alisa,CSO
Andreea,CSO
Aoibh,CSO
Ashleigh,CSO
Blessing,CSO
Bonnie,CSO
Brid,CSO
Clare,CSO
Dawn,CSO
Deborah,CSO
Emilija,CSO
Enya,CSO
Fia,CSO
Imogen,CSO
Jamie,CSO
Jenny,CSO
Kathryn,CSO
Kaylah,CSO
Leyla,CSO
Mariam,CSO
Marta,CSO
Martina,CSO
Miriam,CSO
Orlagh,CSO
Rebekah,CSO
Rosa,CSO
Scarlett,CSO
Sive,CSO
Willow,CSO
Aleesha,CSO
Angela,CSO
Angelina,CSO
Annabelle,CSO
Anne,CSO
Arianna,CSO
Caithlin,CSO
Caoilainn,CSO
Caoilfhionn,CSO
Cerys,CSO
Cleo,CSO
Deirbhile,CSO
Eileen,CSO
Eloise,CSO
Francesca,CSO
Gabriele,CSO
Halle,CSO
Isla,CSO
Jodi,CSO
Johanna,CSO
Kaci,CSO
Lauryn,CSO
Madeleine,CSO
Shakira,CSO
Shonagh,CSO
Stacey,CSO
Tiffany,CSO
Adriana,CSO
Aibhe,CSO
Alanah,CSO
Anastasia,CSO
Cathy,CSO
Chanelle,CSO
Chelsey,CSO
Daniela,CSO
Darcey,CSO
Elsie,CSO
Gabriella,CSO
Gillian,CSO
Greta,CSO
Iseult,CSO
Kayley,CSO
Kerrie,CSO
Kiara,CSO
Lacey,CSO
Lillie,CSO
Louisa,CSO
Madeline,CSO
Magdalena,CSO
Maisie,CSO
Mikayla,CSO
Nancy,CSO
Nia,CSO
Noelle,CSO
Precious,CSO
Rianna,CSO
Robin,CSO
Roise,CSO
Samanta,CSO
Samara,CSO
Sarah-Jane,CSO
Tianna,CSO
Valerie,CSO
Winnie,CSO
Alexandria,CSO
Angelika,CSO
Antonina,CSO
Ayesha,CSO
Becky,CSO
Dayna,CSO
Diane,CSO
Donna,CSO
Elise,CSO
Ema,CSO
Evelina,CSO
Genevieve,CSO
Julianne,CSO
Katelynn,CSO
Katlyn,CSO
Katy,CSO
Kimberly,CSO
Kristina,CSO
Laragh,CSO
Leanna,CSO
Lillian,CSO
Maedbh,CSO
Maire,CSO
Milena,CSO
Monika,CSO
Myah,CSO
Nell,CSO
Noemi,CSO
Olga,CSO
Pearl,CSO
Rosemary,CSO
Saidbh,CSO
Seana,CSO
Vanesa,CSO
Vivienne,CSO
Zainab,CSO
Zarah,CSO
Alexia,CSO
Amie,CSO
Ashlee,CSO
Bernadette,CSO
Breanna,CSO
Britney,CSO
Bronwyn,CSO
Carol,CSO
Catriona,CSO
Dara,CSO
Divine,CSO
Edie,CSO
Elisa,CSO
Farrah,CSO
Fiadh,CSO
Iona,CSO
Isabell,CSO
Izabella,CSO
Jacqueline,CSO
Jayne,CSO
Jean,CSO
Jessie,CSO
Kyla,CSO
Leonie,CSO
Lorraine,CSO
Luna,CSO
Makayla,CSO
Mary-Kate,CSO
Maura,CSO
Meg,CSO
Milly,CSO
Morgan,CSO
Orna,CSO
Princess,CSO
Renee,CSO
Seren,CSO
Sheena,CSO
Sine,CSO
Tamara,CSO
Teegan,CSO
Teresa,CSO
Thea,CSO
Ugne,CSO
Valeria,CSO
Abaigeal,CSO
Abbigail,CSO
Addison,CSO
Adele,CSO
Agata,CSO
Aliyah,CSO
Amira,CSO
Aobha,CSO
Aoileann,CSO
Austeja,CSO
Brigid,CSO
Callie,CSO
Cayla,CSO
Celine,CSO
Christine,CSO
Colleen,CSO
Connie,CSO
Cristina,CSO
Denise,CSO
Eanna,CSO
Eile,CSO
Elaine,CSO
Esme,CSO
Fionnuala,CSO
Gloria,CSO
Hayleigh,CSO
Hilary,CSO
Hope,CSO
Iris,CSO
Jana,CSO
Jess,CSO
Judy,CSO
Kacie,CSO
Kaitlin,CSO
Kali,CSO
Katrina,CSO
Kaya,CSO
Keely,CSO
Kelsie,CSO
Kendra,CSO
Kira,CSO
Klara,CSO
Kornelija,CSO
Liliana,CSO
Lyla,CSO
Mabel,CSO
Mae,CSO
Mai,CSO
Mariah,CSO
Mary Kate,CSO
Maryam,CSO
Mercy,CSO
Miya,CSO
Monica,CSO
Nelly,CSO
Nevaeh,CSO
Paula,CSO
Penny,CSO
Philomena,CSO
Polly,CSO
Reese,CSO
Reiltin,CSO
Rhiannon,CSO
Rita,CSO
Saffron,CSO
Saorla,CSO
Sian,CSO
Simona,CSO
Susannah,CSO
Sylvia,CSO
Tanya,CSO
Teigan,CSO
Theresa,CSO
Tracy,CSO
Veronika,CSO
Abigale,CSO
Aela,CSO
Aileen,CSO
Aleena,CSO
Aliya,CSO
Alysha,CSO
Amiee,CSO
Angelica,CSO
Aobh,CSO
Aoibha,CSO
Aoise,CSO
Aya,CSO
Bianca,CSO
Billie,CSO
Briana,CSO
Carmel,CSO
Cassandra,CSO
Ceola,CSO
Chiara,CSO
Crystal,CSO
Cynthia,CSO
Dana,CSO
Davina,CSO
Deimante,CSO
Denisa,CSO
Eilis,CSO
Eireann,CSO
Elizabete,CSO
Elsa,CSO
Eryn,CSO
Estera,CSO
Fearne,CSO
Fern,CSO
Georgina,CSO
Goda,CSO
Hallie,CSO
Hana,CSO
Hania,CSO
Iga,CSO
Jillian,CSO
Joyce,CSO
Judith,CSO
Julianna,CSO
Julieanne,CSO
Kadie,CSO
Kaela,CSO
Karla,CSO
Kianna,CSO
Kimberley,CSO
Kinga,CSO
Kornelia,CSO
Kym,CSO
Larissa,CSO
Leigha,CSO
Lili,CSO
Lina,CSO
Livia,CSO
Marina,CSO
Marissa,CSO
Meagan,CSO
Michaella,CSO
Michalina,CSO
Neala,CSO
Nikki,CSO
Pamela,CSO
Paris,CSO
Patricija,CSO
Regan,CSO
Romy,CSO
Rubie,CSO
Sarah Jane,CSO
Selena,CSO
Shayna,CSO
Sofie,CSO
Tammy,CSO
Tanisha,CSO
Therese,CSO
Tiana,CSO
Xin,CSO
Yusra,CSO
Yvonne,CSO
Abaigh,CSO
Aida,CSO
Aleisha,CSO
Alessia,CSO
Alexsandra,CSO
Alise,CSO
Alva,CSO
Amina,CSO
Amna,CSO
Anabel,CSO
Anais,CSO
Anita,CSO
Annalise,CSO
Antonia,CSO
Anya,CSO
Ariana,CSO
Ashlyn,CSO
Beata,CSO
Brook,CSO
Cait,CSO
Camelia,CSO
Caoilfhinn,CSO
Carley,CSO
Carmen,CSO
Carolina,CSO
Cate,CSO
Ceara,CSO
Ceili,CSO
Celina,CSO
Clarissa,CSO
Codie,CSO
Darci,CSO
Delia,CSO
Derval,CSO
Dervla,CSO
Destiny,CSO
Dora,CSO
Eilidh,CSO
Eire,CSO
Elaina,CSO
Elana,CSO
Eliana,CSO
Elisabeth,CSO
Elissa,CSO
Ellie-May,CSO
Elodie,CSO
Elyse,CSO
Emelia,CSO
Emelie,CSO
Emmanuella,CSO
Eniola,CSO
Ewa,CSO
Fayth,CSO
Fodhla,CSO
Geraldine,CSO
Gianna,CSO
Gina,CSO
Giulia,CSO
Glory,CSO
Gwen,CSO
Haley,CSO
Harriet,CSO
Honor,CSO
Iman,CSO
Irene,CSO
Isolde,CSO
Ivy,CSO
Izabela,CSO
Jacinta,CSO
Jada,CSO
Jagoda,CSO
Jazmine,CSO
Jena,CSO
Jia,CSO
Joan,CSO
Julija,CSO
Kaja,CSO
Kaylee,CSO
Keelyn,CSO
Kelly-Ann,CSO
Keri,CSO
Kirsty,CSO
Kitty,CSO
Kristiana,CSO
Kylie,CSO
Lainey,CSO
Leia,CSO
Liadh,CSO
Lianna,CSO
Lila,CSO
Lile,CSO
Lilian,CSO
Lily-Rose,CSO
Mackenzie,CSO
Manal,CSO
Marion,CSO
Maud,CSO
Meaghan,CSO
Mella,CSO
Micheala,CSO
Mikaela,CSO
Milana,CSO
Mimi,CSO
Nada,CSO
Neha,CSO
Norah,CSO
Olive,CSO
Olwyn,CSO
Penelope,CSO
Pippa,CSO
Pola,CSO
Praise,CSO
Racheal,CSO
Rebeka,CSO
Regina,CSO
Rionach,CSO
Roksana,CSO
Rosanna,CSO
Sabina,CSO
Saibh,CSO
Samira,CSO
Savanna,CSO
Seanna,CSO
Sefora,CSO
Selina,CSO
Sheana,CSO
Sheola,CSO
Stephaine,CSO
Tabitha,CSO
Tatiana,CSO
Vakare,CSO
Viktorija,CSO
Wendy,CSO
Winifred,CSO
Yu,CSO
Zahra,CSO
Zaineb,CSO
May,CSO
Abagail,CSO
Abigael,CSO
Abigaile,CSO
Adrianna,CSO
Adrienne,CSO
Adrija,CSO
Aedin,CSO
Aifric,CSO
Ailis,CSO
Ailise,CSO
Ailsa,CSO
Aishah,CSO
Alaa,CSO
Alaina,CSO
Alanagh,CSO
Alesia,CSO
Alessandra,CSO
Alexis,CSO
Alina,CSO
Alissa,CSO
Alix,CSO
Aliza,CSO
Allanah,CSO
Alli,CSO
Allison,CSO
Alma,CSO
Amal,CSO
Amalia,CSO
Ameila,CSO
Anastasija,CSO
Anastazja,CSO
Andreja,CSO
Annabell,CSO
Annalee,CSO
Anneliese,CSO
Annmarie,CSO
Ann-Marie,CSO
Arabella,CSO
Asha,CSO
Ashlinn,CSO
Astrid,CSO
Audrey,CSO
Auguste,CSO
Aurelia,CSO
Autumn,CSO
Ayomide,CSO
Bebhinn,CSO
Bella,CSO
Belle,CSO
Bethan,CSO
Bobbi,CSO
Bria,CSO
Brona,CSO
Caela,CSO
Carra,CSO
Casie,CSO
Cayleigh,CSO
Cecelia,CSO
Cecilia,CSO
Ceire,CSO
Ceoladh,CSO
Chantal,CSO
Chantel,CSO
Charlene,CSO
Charli,CSO
Chelsy,CSO
Claragh,CSO
Codi,CSO
Cody,CSO
Colette,CSO
Coral,CSO
Cori,CSO
Daiana,CSO
Darragh,CSO
Dearbhail,CSO
Demi-Leigh,CSO
Divina,CSO
Dzesika,CSO
Ebony,CSO
Eden,CSO
Edith,CSO
Eimhin,CSO
Eirin,CSO
Eirinn,CSO
Eirn,CSO
Ekaterina,CSO
Ella-Mai,CSO
Ellie-Mai,CSO
Elva,CSO
Emile,CSO
Emma-Jane,CSO
Emma-Louise,CSO
Enrika,CSO
Esha,CSO
Estelle,CSO
Etain,CSO
Eugenie,CSO
Eunice,CSO
Evangeline,CSO
Evanna,CSO
Ewelina,CSO
Farah,CSO
Frances,CSO
Gaia,CSO
Geovanna,CSO
Giada,CSO
Hailie,CSO
Honey,CSO
Isadora,CSO
Isobella,CSO
Izzy,CSO
Jadine,CSO
Jamila,CSO
Jessy,CSO
Jordan,CSO
Juliana,CSO
Kacy,CSO
Kaelin,CSO
Kallie,CSO
Katarzyna,CSO
Kaydee,CSO
Kaydi,CSO
Kaylyn,CSO
Keita,CSO
Kelis,CSO
Keren,CSO
Keva,CSO
Khadija,CSO
Kiya,CSO
Kristin,CSO
Kristine,CSO
Lakisha,CSO
Latoya,CSO
Lavinia,CSO
Lelia,CSO
Leticia,CSO
Liadan,CSO
Lidia,CSO
Lilia,CSO
Lily May,CSO
Lindsey,CSO
Lois,CSO
Lorena,CSO
Luiza,CSO
Luize,CSO
Lyndsey,CSO
Maddison,CSO
Maisy,CSO
Makenzie,CSO
Malena,CSO
Mallaidh,CSO
Mandy,CSO
Marian,CSO
Marianne,CSO
Mariella,CSO
Marlene,CSO
Matylda,CSO
Maureen,CSO
Adah,CSO
Adela,CSO
Adelaide,CSO
Adelina,CSO
Adina,CSO
Aditi,CSO
Agatha,CSO
Agnes,CSO
Aibhlinn,CSO
Aiste,CSO
Aiza,CSO
Alayna,CSO
Alba,CSO
Aleeah,CSO
Aleigha,CSO
Aleksa,CSO
Alexi,CSO
Alia,CSO
Alisia,CSO
Amaia,CSO
Amara,CSO
Amaya,CSO
Ameera,CSO
Amelia-Mae,CSO
Amelia-Rose,CSO
Amelija,CSO
Amirah,CSO
Anabelle,CSO
Aniela,CSO
Anisha,CSO
Anna Mae,CSO
Annabeth,CSO
Annaliese,CSO
Anna-May,CSO
AnnaRose,CSO
Anna-Rose,CSO
Anu,CSO
Areesha,CSO
Aria,CSO
Arisha,CSO
Ariya,CSO
Arwen,CSO
Arya,CSO
Asia,CSO
Aubree,CSO
Aurora,CSO
Ava-Marie,CSO
Averie,CSO
Avery,CSO
Ayah,CSO
Ayda,CSO
Azra,CSO
Bailee,CSO
Bailey,CSO
Barbara,CSO
Barbora,CSO
Beau,CSO
Bernice,CSO
Bianka,CSO
Blanca,CSO
Blanka,CSO
Breda,CSO
Bree,CSO
Bridie,CSO
Cailin,CSO
Cali,CSO
Camilla,CSO
Camille,CSO
Candice,CSO
Caoileann,CSO
Carleigh,CSO
Carlie,CSO
Carragh,CSO
Cassidy,CSO
Celeste,CSO
Celia,CSO
Chanel,CSO
Charlee,CSO
Cheyanne,CSO
Cheyenne,CSO
Chinelo,CSO
Cianna,CSO
Cindy,CSO
Croia,CSO
Croiadh,CSO
Cuileann,CSO
Daina,CSO
Daire,CSO
Dakota,CSO
Darcie,CSO
Deanna,CSO
Dearbhaile,CSO
Debora,CSO
Dia,CSO
Dina,CSO
Dolly,CSO
Dorota,CSO
Dorothy,CSO
Drew,CSO
Eala,CSO
Eibhlin,CSO
Eithne,CSO
Ela,CSO
Elia,CSO
Elija,CSO
Elin,CSO
Elina,CSO
Eliska,CSO
Elizaveta,CSO
Ella Mae,CSO
Ella May,CSO
Ella Rose,CSO
Ella-Mae,CSO
Ella-May,CSO
Ella-Rose,CSO
Ellie May,CSO
Ellie-Mae,CSO
Elliemay,CSO
Ellie-Rose,CSO
Elly,CSO
Emeli,CSO
Emi,CSO
Emily-Jane,CSO
Emily-May,CSO
Emma Jane,CSO
Emme,CSO
Emmie,CSO
Emmy,CSO
Eppie,CSO
Erynn,CSO
Eshaal,CSO
Eshal,CSO
Etaoin,CSO
Fae,CSO
Fay,CSO
Feile,CSO
Felicia,CSO
Felicity,CSO
Florence,CSO
Frankie,CSO
Gaja,CSO
Georgie,CSO
Gerda,CSO
Guste,CSO
Hafsa,CSO
Hailey,CSO
Hala,CSO
Hanora,CSO
Harley,CSO
Harlow,CSO
Harper,CSO
Haylee,CSO
Ide,CSO
Ieva,CSO
Ina,CSO
Inaaya,CSO
Inaya,CSO
Indi,CSO
Indie,CSO
Indie-Rose,CSO
Indy,CSO
Ines,CSO
Inga,CSO
Ingrid,CSO
Isa,CSO
Isabela,CSO
Isha,CSO
Izabel,CSO
Izabele,CSO
Izabelle,CSO
Jannat,CSO
Jasmina,CSO
Jewel,CSO
Jocelyn,CSO
Joni,CSO
Josie,CSO
Juno,CSO
Juste,CSO
Kaia,CSO
Kaila,CSO
Kaiya,CSO
Kalina,CSO
Karlee,CSO
Karlie,CSO
Katerina,CSO
Katie-Ann,CSO
Kaycee,CSO
Kaylie,CSO
Kendall,CSO
Kenzie,CSO
Khloe,CSO
Kila,CSO
Kourtney,CSO
Kya,CSO
Kyna,CSO
Kyrah,CSO
Laci,CSO
Lacie,CSO
Laina,CSO
Lamar,CSO
Lanah,CSO
Larisa,CSO
Laylah,CSO
Leena,CSO
Leja,CSO
Lela,CSO
Leni,CSO
Liana,CSO
Lilah,CSO
Lilianna,CSO
Lilla,CSO
Lillianna,CSO
Lilly-Rose,CSO
Lily Mae,CSO
Lily Rose,CSO
Lilyann,CSO
Lily-Ann,CSO
Lily-Mae,CSO
Lily-Mai,CSO
Liwia,CSO
Liya,CSO
Liz,CSO
Lizzie,CSO
Lottie,CSO
Luca,CSO
Lucja,CSO
Luisa,CSO
Luisne,CSO
Luka,CSO
Lyra,CSO
Macey,CSO
Maci,CSO
Macie,CSO
Macy,CSO
Maddie,CSO
Madelyn,CSO
Madisyn,CSO
Maira,CSO
Maizie,CSO
Malak,CSO
Malwina,CSO
Manuela,CSO
Mara,CSO
Marcelina,CSO
Marguerita,CSO
Marika,CSO
Marlena,CSO
Marley,CSO
Marnie,CSO
Mary ann,CSO
Mary Jane,CSO
Matilde,CSO
Maxine,CSO
Megija,CSO
Meja,CSO
Melania,CSO
Melanija,CSO
Melisa,CSO
Melody,CSO
Miah,CSO
Mia-Lily,CSO
Migle,CSO
Mija,CSO
Mila,CSO
Miley,CSO
Milla,CSO
Minnie,CSO
Moira,CSO
Molly Mae,CSO
Molly-Mae,CSO
Muire,CSO
Neidin,CSO
Nela,CSO
Nicol,CSO
Nika,CSO
Noinin,CSO
Noor,CSO
Nur,CSO
Orlaigh,CSO
Paloma,CSO
Peig,CSO
Perla,CSO
Petra,CSO
Peyton,CSO
Pixie,CSO
Priya,CSO
Quin,CSO
Quinn,CSO
Raisa,CSO
Raluca,CSO
Ramona,CSO
Reagan,CSO
Realtin,CSO
Rebeca,CSO
Reeva,CSO
Reidin,CSO
Rhona,CSO
Riah,CSO
Riley,CSO
Roberta,CSO
Rochelle,CSO
Rosalie,CSO
Rosemarie,CSO
Rowan,CSO
Roxy,CSO
Rozalia,CSO
Rubi,CSO
Ruby Rose,CSO
Rumaisa,CSO
Rusne,CSO
Ryleigh,CSO
Safa,CSO
Safia,CSO
Saidhbh,CSO
Salma,CSO
Sandy,CSO
Saorlaith,CSO
Saskia,CSO
Saule,CSO
Savanah,CSO
Savina,CSO
Seoidin,CSO
Seona,CSO
Shayla,CSO
Sheila,CSO
Shi,CSO
Shreya,CSO
Sianna,CSO
Sibeal,CSO
Siena,CSO
Sile,CSO
Siomha,CSO
Skyla,CSO
Skyler,CSO
Smilte,CSO
Sofija,CSO
Sonia,CSO
Sonya,CSO
Soraya,CSO
Sreya,CSO
Susanna,CSO
Susie,CSO
Suzanna,CSO
Sydney,CSO
Syeda,CSO
Sylvie,CSO
Sylwia,CSO
Talia,CSO
Tamsin,CSO
Teaghan,CSO
Teja,CSO
Thalia,CSO
Theodora,CSO
Tierna,CSO
Tilly,CSO
Timeea,CSO
Tina,CSO
Tola,CSO
Treasa,CSO
Tulisa,CSO
Ula,CSO
Urszula,CSO
Urte,CSO
Valentina,CSO
Vicky,CSO
Viktoria,CSO
Vilte,CSO
Violet,CSO
Vivian,CSO
Vivien,CSO
Whitney,CSO
Yana,CSO
Yasmina,CSO
Yi Xin,CSO
Zion,CSO
Zoja,CSO
Zuzana,CSO
Abeeha,CSO
Abiageal,CSO
Abidemi,CSO
Abina,CSO
Abisola,CSO
Adalynn,CSO
Adel,CSO
Adeline,CSO
Adelle,CSO
Adeola,CSO
Aderinsola,CSO
Adrianne,CSO
Aeva,CSO
Afric,CSO
Agne,CSO
Agnieszka,CSO
Aibha,CSO
Aibhilin,CSO
Aibhin,CSO
Aibigeal,CSO
Aicha,CSO
Aidin,CSO
Aife,CSO
Aila,CSO
Ailidh,CSO
Aime,CSO
Aimie,CSO
Aira,CSO
Aishat,CSO
Aishlinn,CSO
Aislin,CSO
Aiveen,CSO
Akvile,CSO
Alaine,CSO
Alannagh,CSO
Alara,CSO
Albha,CSO
Aleah,CSO
Alena,CSO
Alexandrea,CSO
Alexandrina,CSO
Alexie,CSO
Alika,CSO
Alishba,CSO
Alishia,CSO
Aliyat,CSO
Allana,CSO
Allegra,CSO
Alliyah,CSO
Allyson,CSO
Alsion,CSO
Althea,CSO
Alya,CSO
Alysia,CSO
Alyson,CSO
Alyssia,CSO
Alyx,CSO
Amani,CSO
Amarachi,CSO
Ameerah,CSO
Amelia Lily,CSO
Amelia-Lily,CSO
Ameya,CSO
Ami,CSO
Amia,CSO
Aminah,CSO
Aminat,CSO
Amirat,CSO
Amy-Lee,CSO
Amy-Leigh,CSO
Anabella,CSO
Anabia,CSO
Ana-Maria,CSO
Ananya,CSO
Anastacia,CSO
Anastatia,CSO
Anaya,CSO
Anca,CSO
Andie,CSO
Andra,CSO
Andzelika,CSO
Aneta,CSO
Angelin,CSO
Angeline,CSO
Angelique,CSO
Anika,CSO
Anisa,CSO
Anjolaoluwa,CSO
Ann marie,CSO
Anna Mai,CSO
Anna Maria,CSO
Anna marie,CSO
Anna Rose,CSO
Annabella,CSO
Annaleigh,CSO
Anna-Leigh,CSO
Annalis,CSO
Anna-mae,CSO
Annamai,CSO
Anna-Maria,CSO
Anne marie,CSO
Anneka,CSO
Annelies,CSO
Annemarie,CSO
Anne-Marie,CSO
Annette,CSO
Annika,CSO
Anoushka,CSO
Anthea,CSO
Antoinette,CSO
Anuoluwapo,CSO
Aobhin,CSO
Aodhbha,CSO
Aoibhean,CSO
Aoibhne,CSO
Aoifa,CSO
Aoishe,CSO
Apolonia,CSO
Arabelle,CSO
Ariah,CSO
Arianne,CSO
Ariel,CSO
Ariella,CSO
Arielle,CSO
Arina,CSO
Arleen,CSO
Arlene,CSO
Arwa,CSO
Arwyn,CSO
Ashlynn,CSO
Ashton,CSO
Asiling,CSO
Asiya,CSO
Asma,CSO
Assumpta,CSO
Atene,CSO
Athena,CSO
Atlanta,CSO
Attracta,CSO
Aubrey,CSO
Aukse,CSO
Aurelija,CSO
Ava Rose,CSO
Avah,CSO
Ava-rose,CSO
Aveen,CSO
Averil,CSO
Avin,CSO
Ayisha,CSO
Ayra,CSO
Ayse,CSO
Aysha,CSO
Baby,CSO
Bairbre,CSO
Bea,CSO
Beatrix,CSO
Beatriz,CSO
Beaux,CSO
Beibheann,CSO
Beibhin,CSO
Belinda,CSO
Bella-Rose,CSO
Benita,CSO
Berenice,CSO
Bernardine,CSO
Beryl,CSO
Betty,CSO
Beverley,CSO
Beverly,CSO
Bevin,CSO
Beyonce,CSO
Bibi,CSO
Biddy,CSO
Blair,CSO
Blaithnaid,CSO
Blake,CSO
Blanaid,CSO
Blathin,CSO
Bo,CSO
Bobbie,CSO
Boluwatife,CSO
Brannagh,CSO
Brea,CSO
Breeda,CSO
Breifne,CSO
Brenda,CSO
Brenna,CSO
Bri,CSO
Brianne,CSO
Bridge,CSO
Bridgid,CSO
Bridin,CSO
Briege,CSO
Briella,CSO
Brighid,CSO
Brigita,CSO
Briona,CSO
Brittany,CSO
Brodie,CSO
Brody,CSO
Brogan,CSO
Bronach,CSO
Bronwen,CSO
Brooklyn,CSO
Brooklynn,CSO
Bryanna,CSO
Bushra,CSO
Cadence,CSO
Caelyn,CSO
Caila,CSO
Cailyn,CSO
Caira,CSO
Caireann,CSO
Caitlinn,CSO
Caleigh,CSO
Calleigh,CSO
Cameron,CSO
Camila,CSO
Caoife,CSO
Caoilin,CSO
Caolainn,CSO
Caprice,CSO
Carina,CSO
Cariosa,CSO
Carlene,CSO
Carole,CSO
Carolyn,CSO
Carolynn,CSO
Caron,CSO
Carys,CSO
Casandra,CSO
Cassia,CSO
Catalina,CSO
Caterina,CSO
Catherina,CSO
Cathleen,CSO
Cathriona,CSO
Cathryn,CSO
Caylin,CSO
Ceadaoin,CSO
Celene,CSO
Ceri,CSO
Chanice,CSO
Chantell,CSO
Chara,CSO
Chardonnay,CSO
Charleigh,CSO
Charlize,CSO
Charly,CSO
Charmaine,CSO
Chelsie,CSO
Cherelle,CSO
Cherie,CSO
Cheryl,CSO
Chi,CSO
Chiamaka,CSO
Chidera,CSO
Chidinma,CSO
Chinyere,CSO
Chioma,CSO
Chisom,CSO
Christa,CSO
Christabel,CSO
Christiana,CSO
Christy,CSO
Ciana,CSO
Ciatlin,CSO
Cici,CSO
Cindyanna,CSO
Clair,CSO
Clarice,CSO
Clarisse,CSO
Claudine,CSO
Clea,CSO
Clementine,CSO
Cleona,CSO
Clionadh,CSO
Cloda,CSO
Cloe,CSO
Coady,CSO
Coaimhe,CSO
Coco,CSO
Coleen,CSO
Collette,CSO
Comfort,CSO
Concepta,CSO
Constance,CSO
Cordelia,CSO
Corey,CSO
Corina,CSO
Corla,CSO
Cornelia,CSO
Corrie,CSO
Courteney,CSO
Crea,CSO
Criona,CSO
Croi,CSO
Crona,CSO
Csenge,CSO
Cushla,CSO
Daena,CSO
Dagmara,CSO
Dahlia,CSO
Daisy-mae,CSO
Dalia,CSO
Damilola,CSO
Dani,CSO
Dania,CSO
Daniele,CSO
Danika,CSO
Danni,CSO
Dannielle,CSO
Dannii,CSO
Daphne,CSO
Darija,CSO
Darina,CSO
Darja,CSO
Darla,CSO
Darlene,CSO
Darya,CSO
Dasha,CSO
Debbie,CSO
Deborrah,CSO
Debra,CSO
Deirbhle,CSO
Delilah,CSO
Derbhla,CSO
Derinn,CSO
Dervilla,CSO
Desiree,CSO
Dianne,CSO
Dion,CSO
Dionne,CSO
Diya,CSO
Dolores,CSO
Dominica,CSO
Dominique,CSO
Dona,CSO
Dorcas,CSO
Doreen,CSO
Doris,CSO
Doroteja,CSO
Duaa,CSO
Dylan,CSO
Dymphna,CSO
Dympna,CSO
Eabhin,CSO
Eavan,CSO
Edelle,CSO
Edna,CSO
Edwina,CSO
Eghosa,CSO
Egle,CSO
Eibhe,CSO
Eibhin,CSO
Eibhlinn,CSO
Eibhlis,CSO
Eila,CSO
Eilise,CSO
Eimer,CSO
Eimhear,CSO
Eimile,CSO
Einin,CSO
Eira,CSO
Eisha,CSO
Elanna,CSO
Elayna,CSO
Ele,CSO
Elen,CSO
Eleni,CSO
Elenor,CSO
Elianna,CSO
Elif,CSO
Elisabeta,CSO
Elita,CSO
Ella Jane,CSO
Ella Mai,CSO
Ella-Louise,CSO
Ella-Marie,CSO
Ellan,CSO
Elli,CSO
Elliana,CSO
Ellianna,CSO
Ellie-ann,CSO
Ellis,CSO
Elma,CSO
Elora,CSO
Elvie,CSO
Elysia,CSO
Elyssa,CSO
Elza,CSO
Elzbieta,CSO
Emaan,CSO
Eman,CSO
Emanuela,CSO
Emanuelle,CSO
Emie,CSO
Emilee,CSO
Emili,CSO
Emilly,CSO
Emily May,CSO
Emily Rose,CSO
Emily-Rose,CSO
Emmanuela,CSO
Emmeline,CSO
Emmi,CSO
Ena,CSO
Eowyn,CSO
Ericka,CSO
Erinn,CSO
Esmay,CSO
Esmee,CSO
Estela,CSO
Ester,CSO
Ethel,CSO
Ethna,CSO
Ethne,CSO
Eucharia,CSO
Eva-Marie,CSO
Evana,CSO
Evanne,CSO
Eveline,CSO
Evita,CSO
Fainche,CSO
Fallon,CSO
Faridat,CSO
Fathia,CSO
Fatimah,CSO
Fatoumata,CSO
Fausta,CSO
Feena,CSO
Fiana,CSO
Fianna,CSO
Fidelma,CSO
Fina,CSO
Finnuala,CSO
Finnula,CSO
Finola,CSO
Fionnula,CSO
Fiza,CSO
Fleur,CSO
Flora,CSO
Francine,CSO
Fraya,CSO
Freda,CSO
Freja,CSO
Freyja,CSO
Frida,CSO
Frieda,CSO
Gabby,CSO
Gail,CSO
Gayle,CSO
Geena,CSO
Genna,CSO
Georgiana,CSO
Gerardine,CSO
Geri,CSO
Gertrude,CSO
Gia,CSO
Gift,CSO
Giorgia,CSO
Giovanna,CSO
Giselle,CSO
Giuliana,CSO
Gladys,CSO
Goodness,CSO
Graine,CSO
Gretta,CSO
Gwendoline,CSO
Gwyneth,CSO
Habiba,CSO
Hajar,CSO
Haleigh,CSO
Halima,CSO
Halimat,CSO
Haniya,CSO
Hannah-Rose,CSO
Hanorah,CSO
Hanoria,CSO
Hareem,CSO
Harriett,CSO
Hayden,CSO
Helga,CSO
Hellen,CSO
Heloise,CSO
Henrietta,CSO
Hiba,CSO
Hilda,CSO
Hillary,CSO
Hind,CSO
Hira,CSO
Hoi,CSO
Honora,CSO
Honoria,CSO
Ida,CSO
Ifeoma,CSO
Ijeoma,CSO
Ilana,CSO
Ilinca,CSO
Ilona,CSO
Imelda,CSO
Indiana,CSO
Indianna,CSO
Indigo,CSO
Inez,CSO
Inioluwa,CSO
Inka,CSO
Ioana,CSO
Iqra,CSO
Irina,CSO
Isibeal,CSO
Isis,CSO
Ita,CSO
Iulia,CSO
Ivana,CSO
Iveta,CSO
Izzie,CSO
Jacintha,CSO
Jackie,CSO
Jacqui,CSO
Jaden,CSO
Jadesola,CSO
Jael,CSO
Jagna,CSO
Jaida,CSO
Jaime,CSO
Jaimee,CSO
Janelle,CSO
Janet,CSO
Janette,CSO
Janice,CSO
Janine,CSO
Jasleen,CSO
Jayda,CSO
Jayde,CSO
Jayden,CSO
Jaye,CSO
Jayla,CSO
Jazmin,CSO
Jeanette,CSO
Jeanne,CSO
Jemima,CSO
Jenifer,CSO
Jennie,CSO
Jesse,CSO
Jessicia,CSO
Jing,CSO
Jo,CSO
Jody,CSO
Joelle,CSO
Johannah,CSO
Joleen,CSO
Jolene,CSO
Jolie,CSO
Jordyn,CSO
Jorgie,CSO
Jude,CSO
Judyta,CSO
Jules,CSO
Julieann,CSO
June,CSO
Justina,CSO
Justine,CSO
Justyna,CSO
Kadhla,CSO
Kady,CSO
Kaelyn,CSO
Kahlan,CSO
Kaiah,CSO
Kaileigh,CSO
Kailey,CSO
Kailyn,CSO
Kaithlyn,CSO
Kaitlynn,CSO
Kaleigh,CSO
Kaley,CSO
Kameela,CSO
Kamilla,CSO
Karan,CSO
Kareena,CSO
Karena,CSO
Kari,CSO
Karin,CSO
Karley,CSO
Karly,CSO
Karyn,CSO
Kasie,CSO
Kassie,CSO
Katarina,CSO
Katelin,CSO
Katey,CSO
Katharine,CSO
Kathlynn,CSO
Kathrina,CSO
Kathy,CSO
Katie-Jane,CSO
Katlin,CSO
Katriona,CSO
Kay,CSO
Kayden,CSO
Kaylagh,CSO
Kaylen,CSO
Kaylin,CSO
Kaytlin,CSO
Kaytlyn,CSO
Keara,CSO
Keelagh,CSO
Keelan,CSO
Keelie,CSO
Kehinde,CSO
Keila,CSO
Keilah,CSO
Keitija,CSO
Keleigh,CSO
Kelley,CSO
Kelli,CSO
Kelly-Anne,CSO
Kelsea,CSO
Kelsi,CSO
Kemi,CSO
Kerri ann,CSO
Kerry-Ann,CSO
Ketsia,CSO
Kevina,CSO
Keziah,CSO
Khadijah,CSO
Kia,CSO
Kiah,CSO
Kiana,CSO
Kiernan,CSO
Kieva,CSO
Kirstie,CSO
Kirstin,CSO
Kirstyn,CSO
Kiva,CSO
Kiyah,CSO
Klaudija,CSO
Kodi,CSO
Kodie,CSO
Kora,CSO
Kori,CSO
Korina,CSO
Kotryna,CSO
Krista,CSO
Kristen,CSO
Kristy,CSO
Krystal,CSO
Ksenia,CSO
Ksenija,CSO
Kyah,CSO
Labhaoise,CSO
Lacey-Mae,CSO
Lacy,CSO
Laiba,CSO
Lakeisha,CSO
Lanna,CSO
Laoibhse,CSO
Lateefat,CSO
Latifa,CSO
Latisha,CSO
Lauran,CSO
Laureen,CSO
Lauretta,CSO
Laurie,CSO
Laurna,CSO
Laya,CSO
Layah,CSO
Layla-Rose,CSO
Layna,CSO
Leagh,CSO
Lean,CSO
Leana,CSO
Leann,CSO
Lee,CSO
Leen,CSO
Leigh,CSO
Leighann,CSO
Leisha,CSO
Lejla,CSO
Lenka,CSO
Leonora,CSO
Lesley,CSO
Leslie,CSO
Letitia,CSO
Lexi-Mae,CSO
Leya,CSO
Li,CSO
Liadain,CSO
Liah,CSO
Lianne,CSO
Liepa,CSO
Lilie,CSO
Lilien,CSO
Lilja,CSO
Lilli,CSO
Lilliana,CSO
Lilly mae,CSO
Lilly may,CSO
Lillyanna,CSO
Lilly-mae,CSO
Lilly-May,CSO
Lily Ann,CSO
Lily Mai,CSO
Lilyana,CSO
Lilyanna,CSO
Lilyanne,CSO
Lily-Marie,CSO
Lilymay,CSO
Lily-May,CSO
Lilyrose,CSO
Lindsay,CSO
Linnea,CSO
Lisa marie,CSO
Lisa-Marie,CSO
Liv,CSO
Liva,CSO
Liza,CSO
Logan,CSO
Lola-rose,CSO
Loraine,CSO
Loren,CSO
Loreto,CSO
Loretta,CSO
Loretto,CSO
Lori,CSO
Lua,CSO
Luana,CSO
Luciana,CSO
Lucille,CSO
Lucinda,CSO
Luiseach,CSO
Lukne,CSO
Lulu,CSO
Lynda,CSO
Lyndsay,CSO
Lynette,CSO
Lynn,CSO
Lynne,CSO
Lynsey,CSO
Maedhbh,CSO
Magda,CSO
Mairin,CSO
Maisey,CSO
Maiya,CSO
Majella,CSO
Majka,CSO
Malaika,CSO
Malgorzata,CSO
Malia,CSO
Malika,CSO
Mamie,CSO
Manha,CSO
Maoliosa,CSO
Marcela,CSO
Marcella,CSO
Marcia,CSO
Margaretta,CSO
Margarita,CSO
Margarite,CSO
Margo,CSO
Margot,CSO
Marguerite,CSO
Margurite,CSO
Mari,CSO
Mariana,CSO
Marianna,CSO
Marija,CSO
Marilyn,CSO
Marin,CSO
Marisa,CSO
Mariyam,CSO
Marjorie,CSO
Marni,CSO
Martine,CSO
Marvelous,CSO
Marwa,CSO
Maryann,CSO
Mary-Ann,CSO
Maryanne,CSO
Mary-Jane,CSO
Marykate,CSO
Mary-rose,CSO
Mathilda,CSO
Mathilde,CSO
Maude,CSO
Mazie,CSO
Mckenzie,CSO
Meadbh,CSO
Meadow,CSO
Meave,CSO
Meda,CSO
Medb,CSO
Medbh,CSO
Meera,CSO
Meibh,CSO
Meida,CSO
Meisha,CSO
Mel,CSO
Melaine,CSO
Melani,CSO
Melina,CSO
Melinda,CSO
Melita,CSO
Mellisa,CSO
Mena,CSO
Mercedes,CSO
Meriel,CSO
Meriem,CSO
Merin,CSO
Meta,CSO
Mia-lilly,CSO
Mia-Rose,CSO
Micaela,CSO
Michela,CSO
Michele,CSO
Mickaela,CSO
Mihaela,CSO
Mikeala,CSO
Milan,CSO
Mildred,CSO
Milita,CSO
Millicent,CSO
Mina,CSO
Minha,CSO
Mira,CSO
Mirabel,CSO
Miracle,CSO
Miranda,CSO
Miruna,CSO
Misha,CSO
Moesha,CSO
Molly-Rose,CSO
Mona,CSO
Monique,CSO
Montana,CSO
Motunrayo,CSO
Moyah,CSO
Muirenn,CSO
Muirin,CSO
Muirinn,CSO
Muirne,CSO
Muriel,CSO
Myia,CSO
Myla,CSO
Mylie,CSO
Myra,CSO
Myrtle,CSO
Naia,CSO
Naima,CSO
Naimh,CSO
Nakita,CSO
Namuun,CSO
Nan,CSO
Nana,CSO
Naoimh,CSO
Naoimi,CSO
Natasza,CSO
Nathalie,CSO
Nawal,CSO
Neamh,CSO
Neassa,CSO
Neda,CSO
Neela,CSO
Neila,CSO
Nel,CSO
Nella,CSO
Nellie,CSO
Nerys,CSO
Niadh,CSO
Niah,CSO
Nichola,CSO
Nichole,CSO
Nicoleta,CSO
Nicolette,CSO
Nicolle,CSO
Nikkita,CSO
Nikol,CSO
Nikole,CSO
Nikolett,CSO
Nisha,CSO
Noeleen,CSO
Noelene,CSO
Noeline,CSO
Noirin,CSO
Noleen,CSO
Nollaig,CSO
Noreen,CSO
Norma,CSO
Nour,CSO
Nova,CSO
Nuala,CSO
Nuo,CSO
Nyah,CSO
Odette,CSO
Odharnait,CSO
Ogechi,CSO
Oghenerukevwe,CSO
Ogochukwu,CSO
Ola,CSO
Olamide,CSO
Olivija,CSO
Oluchi,CSO
Oluwa,CSO
Oluwadamilare,CSO
Oluwadamilola,CSO
Oluwakemi,CSO
Oluwamayowa,CSO
Oluwanifemi,CSO
Oluwapelumi,CSO
Oluwasemilore,CSO
Oluwaseun,CSO
Oluwaseyi,CSO
Oluwaseyifunmi,CSO
Oluwatamilore,CSO
Oluwatobi,CSO
Oluwatomisin,CSO
Oluwatoni,CSO
Oluwatosin,CSO
Olwen,CSO
Onyinyechi,CSO
Oona,CSO
Oonagh,CSO
Ophelia,CSO
Oreoluwa,CSO
Orfhlaith,CSO
Oriana,CSO
Orianna,CSO
Oriel,CSO
Ornagh,CSO
Ornait,CSO
Ornaith,CSO
Osariemen,CSO
Osasere,CSO
Oyinkansola,CSO
Patrice,CSO
Paulette,CSO
Pauline,CSO
Peace,CSO
Peggy,CSO
Pennie,CSO
Pheobe,CSO
Philippa,CSO
Phillipa,CSO
Phoenix,CSO
Piper,CSO
Polina,CSO
Poppi,CSO
Poppie,CSO
Portia,CSO
Pricilla,CSO
Priscilla,CSO
Promise,CSO
Queen,CSO
Queva,CSO
Rabia,CSO
Rachelle,CSO
Radha,CSO
Raghad,CSO
Rahaf,CSO
Rahela,CSO
Rahma,CSO
Raina,CSO
Rana,CSO
Raneem,CSO
Rania,CSO
Raonaid,CSO
Raven,CSO
Rawan,CSO
Raya,CSO
Rayna,CSO
Reailtin,CSO
Realta,CSO
Reanna,CSO
Reece,CSO
Reem,CSO
Reema,CSO
Reina,CSO
Remy,CSO
Rena,CSO
Renata,CSO
Rene,CSO
Reyna,CSO
Rhia,CSO
Rhian,CSO
Rhiana,CSO
Rhiann,CSO
Rhiannan,CSO
Rhianne,CSO
Rhoda,CSO
Rhonda,CSO
Rhyanna,CSO
Riadh,CSO
Riana,CSO
Rianne,CSO
Rida,CSO
Riham,CSO
Rioghna,CSO
Rionagh,CSO
Riya,CSO
Roma,CSO
Romilly,CSO
Rona,CSO
Rori,CSO
Rosaleen,CSO
Rosalind,CSO
Rosaline,CSO
Rosalyn,CSO
Rosari,CSO
Rosarie,CSO
Rosario,CSO
Roseann,CSO
Roseanna,CSO
Roseanne,CSO
Roseleen,CSO
Rosetta,CSO
Rosha,CSO
Rosin,CSO
Rosita,CSO
Roslyn,CSO
Rowena,CSO
Roxana,CSO
Roxanna,CSO
Roxanne,CSO
Roza,CSO
Ruby-Mae,CSO
Rugile,CSO
Ryanne,CSO
Rylee,CSO
Ryley,CSO
Saanvi,CSO
Sacha,CSO
Sadia,CSO
Saerlaith,CSO
Sage,CSO
Saibhe,CSO
Saidbhe,CSO
Salome,CSO
Salwa,CSO
Sama,CSO
Samia,CSO
Samreen,CSO
Sana,CSO
Saniya,CSO
Santana,CSO
Santanna,CSO
Saorise,CSO
Sarah Kate,CSO
Sarah-Louise,CSO
Sarina,CSO
Sarlote,CSO
Scarlet,CSO
Selene,CSO
Selma,CSO
Seoda,CSO
Serah,CSO
Serina,CSO
Shae,CSO
Shalom,CSO
Shana,CSO
Shanaya,CSO
Shanessa,CSO
Shanice,CSO
Shaniece,CSO
Shanise,CSO
Shanna,CSO
Shannan,CSO
Shannen,CSO
Shanon,CSO
Shantel,CSO
Shantelle,CSO
Shaunagh,CSO
Shawna,CSO
Sheelagh,CSO
Sheenagh,CSO
Shelby,CSO
Shelia,CSO
Shelley,CSO
Shelly,CSO
Sheree,CSO
Shevaun,CSO
Shianne,CSO
Shiela,CSO
Shiloh,CSO
Shiofra,CSO
Shirley,CSO
Shola,CSO
Sholah,CSO
Shuana,CSO
Si,CSO
Siabh,CSO
Sidney,CSO
Sierra,CSO
Silvia,CSO
Simisola,CSO
Sintija,CSO
Siobain,CSO
Sioban,CSO
Siobhain,CSO
Siona,CSO
Skaiste,CSO
Sky,CSO
Skylar,CSO
Sofiya,CSO
Somer,CSO
Sommer,CSO
Sonja,CSO
Stacie,CSO
Stefania,CSO
Stefanie,CSO
Stela,CSO
Stevie,CSO
Success,CSO
Sumaya,CSO
Susanne,CSO
Suzie,CSO
Tabita,CSO
Taja,CSO
Talitha,CSO
Tallulah,CSO
Talya,CSO
Tamera,CSO
Tamika,CSO
Tammie,CSO
Tamzin,CSO
Tania,CSO
Taragh,CSO
Tasneem,CSO
Tasnim,CSO
Taya,CSO
Tayler,CSO
Teah,CSO
Temidire,CSO
Temiloluwa,CSO
Temitayo,CSO
Temitope,CSO
Teodora,CSO
Terese,CSO
Tereza,CSO
Terri,CSO
Tessie,CSO
Theia,CSO
Thelma,CSO
Thia,CSO
Thomasina,CSO
Tiah,CSO
Tiarna,CSO
Tiegan,CSO
Tija,CSO
Tilda,CSO
Tillie,CSO
Timea,CSO
Tirna,CSO
Tonia,CSO
Torrie,CSO
Toyah,CSO
Tracey,CSO
Trina,CSO
Trinity,CSO
Triona,CSO
Trisha,CSO
Trudi,CSO
Trudie,CSO
Trudy,CSO
Tuathla,CSO
Tyler,CSO
Tyra,CSO
Uma,CSO
Ursula,CSO
Vaiva,CSO
Valerija,CSO
Vera,CSO
Verona,CSO
Vesta,CSO
Vicki,CSO
Victory,CSO
Vikki,CSO
Viola,CSO
Virginia,CSO
Vittoria,CSO
Vlada,CSO
Wen,CSO
Wren,CSO
Xi,CSO
Xiao,CSO
Xin Yan,CSO
Xin Yu,CSO
Yara,CSO
Yasemin,CSO
Yasmeen,CSO
Yazmin,CSO
Yetunde,CSO
Yi,CSO
Yu Tong,CSO
Yu Xin,CSO
Yu Xuan,CSO
Yutong,CSO
Yvette,CSO
Yvie,CSO
Zaina,CSO
Zaira,CSO
Zakia,CSO
Zarin,CSO
Zaynab,CSO
Zeinab,CSO
Zena,CSO
Zeynep,CSO
Zhi,CSO
Zi,CSO
Zina,CSO
Zita,CSO
Zola,CSO
Zora,CSO
Zosia,CSO
Zoya,CSO
Zsofia,CSO
Noa,CSO
Faela,CSO
Remi,CSO
Emerita,CSO
Esmae,CSO
Meara,CSO
Molly-may,CSO
Aibhlin,CSO
Amalie,CSO
Aphra,CSO
Bowie,CSO
Cataleya,CSO
Danah,CSO
Deryn,CSO
Ellie mae,CSO
Ember,CSO
Everleigh,CSO
Everly,CSO
Ilaria,CSO
Joanie,CSO
Joey,CSO
Karah,CSO
Karis,CSO
Nainsi,CSO
Parker,CSO
Payton,CSO
Romi,CSO
Roya,CSO
Vega,CSO
Aaradhya,CSO
Adrienna,CSO
Ailisha,CSO
Aisleen,CSO
Aiya,CSO
Alayah,CSO
Almha,CSO
Alvina,CSO
Alwyn,CSO
Amee,CSO
Andrena,CSO
Andrina,CSO
Anette,CSO
Annett,CSO
Annetta,CSO
Annick,CSO
Annita,CSO
Antionette,CSO
Antonette,CSO
Aoiffe,CSO
Apryl,CSO
Arelene,CSO
Arlette,CSO
Aseel,CSO
Ashleen,CSO
Ashlene,CSO
Ashlin,CSO
Asling,CSO
Audrina,CSO
Audry,CSO
Averyl,CSO
Ayanna,CSO
Barrie,CSO
Bernadine,CSO
Bertha,CSO
Blanche,CSO
Breada,CSO
Breedge,CSO
Breege,CSO
Breffni,CSO
Breid,CSO
Brianan,CSO
Bridgeen,CSO
Bridgette,CSO
Briget,CSO
Brita,CSO
Caithriona,CSO
Caitrin,CSO
Camillus,CSO
Caoimh,CSO
Cardine,CSO
Caren,CSO
Carey,CSO
Carleen,CSO
Carlyn,CSO
Carmela,CSO
Carolann,CSO
Catharina,CSO
Catherin,CSO
Catheriona,CSO
Cathrina,CSO
Cathrine,CSO
Catraoine,CSO
Catrina,CSO
Cecil,CSO
Cecily,CSO
Ceile,CSO
Celena,CSO
Celestine,CSO
Channon,CSO
Charelene,CSO
Charleen,CSO
Charline,CSO
Cherise,CSO
Chrystal,CSO
Ciadhla,CSO
Ciaran,CSO
Ciarrai,CSO
Ciera,CSO
Clarie,CSO
Claudette,CSO
Cliodna,CSO
Corinna,CSO
Corinne,CSO
Corona,CSO
Corrina,CSO
Corrine,CSO
Cristin,CSO
Dairine,CSO
Danica,CSO
Daragh,CSO
Darelle,CSO
Darrelle,CSO
Davida,CSO
Davinia,CSO
Davnet,CSO
Deana,CSO
Deboragh,CSO
Deidre,CSO
Della,CSO
Demelza,CSO
Denese,CSO
Denice,CSO
Denika,CSO
Dervil,CSO
Dervila,CSO
Dervilia,CSO
Derville,CSO
Devina,CSO
Devon,CSO
Diann,CSO
Dianna,CSO
Dierdre,CSO
Dinah,CSO
Dorinda,CSO
Dorothea,CSO
Dubheasa,CSO
Eabhaoin,CSO
Edele,CSO
Edell,CSO
Eiblis,CSO
Eithna,CSO
Eiva,CSO
Elane,CSO
Elayne,CSO
Elinor,CSO
Elish,CSO
Elixabeth,CSO
Eloisa,CSO
Emear,CSO
Emiliana,CSO
Emir,CSO
Estella,CSO
Etan,CSO
Eugenia,CSO
Eveleen,CSO
Evette,CSO
Evonne,CSO
Ezara,CSO
Fatumata,CSO
Finnola,CSO
Finuala,CSO
Finula,CSO
Fionna,CSO
Fionnghuala,CSO
Fionuala,CSO
Fionula,CSO
Gale,CSO
Gene,CSO
Germaine,CSO
Gilda,CSO
Gilian,CSO
Glencora,CSO
Glenda,CSO
Glynis,CSO
Gobnait,CSO
Goretti,CSO
Grania,CSO
Gretchen,CSO
Gwendolen,CSO
Gwendolene,CSO
Gwendolyn,CSO
Hannah rose,CSO
Helan,CSO
Helene,CSO
Hester,CSO
Hilery,CSO
Hiliary,CSO
Inesa,CSO
Irma,CSO
Jackaline,CSO
Jacklyn,CSO
Jaclyn,CSO
Jalna,CSO
Jan,CSO
Janie,CSO
Janis,CSO
Janna,CSO
Jannet,CSO
Jannette,CSO
Jeane,CSO
Jeanine,CSO
Jeannette,CSO
Jessika,CSO
Jilian,CSO
Joann,CSO
Joeleen,CSO
Joelene,CSO
Joeline,CSO
Johana,CSO
Johanne,CSO
Jordana,CSO
Jordanna,CSO
Juanita,CSO
Juliann,CSO
Jumana,CSO
Kaneesha,CSO
Karey,CSO
Karol,CSO
Karoline,CSO
Karolyn,CSO
Karon,CSO
Karren,CSO
Karrie,CSO
Katharina,CSO
Katherina,CSO
Katheryn,CSO
Kathie,CSO
Kathlene,CSO
Kathrine,CSO
Kathriona,CSO
Kathyrn,CSO
Katrin,CSO
Katrine,CSO
Katryn,CSO
Kelda,CSO
Khaleesi,CSO
Khaya,CSO
Kirby,CSO
Kiri,CSO
Kristal,CSO
Krystle,CSO
Lareina,CSO
Larina,CSO
Lauraine,CSO
Laurena,CSO
Lauressa,CSO
Laverne,CSO
Lavina,CSO
Leane,CSO
Leeann,CSO
Leeanne,CSO
Leighanne,CSO
Leisa,CSO
Lenora,CSO
Lenore,CSO
Leoine,CSO
Leonara,CSO
Leone,CSO
Leoni,CSO
Leonna,CSO
Leonne,CSO
Lesa,CSO
Levi,CSO
Liane,CSO
Liann,CSO
Lilymae,CSO
Linsey,CSO
Lolita,CSO
Lora,CSO
Lorainne,CSO
Lorelei,CSO
Lorina,CSO
Lourda,CSO
Loyola,CSO
Lucilla,CSO
Lyn,CSO
Lynnette,CSO
Madelaine,CSO
Madge,CSO
Madonna,CSO
Maeliosa,CSO
Magella,CSO
Maighread,CSO
Maresa,CSO
Marese,CSO
Maressa,CSO
Margarette,CSO
Margt,CSO
Marice,CSO
Mariea,CSO
Marielle,CSO
Mariosa,CSO
Marita,CSO
Marlie,CSO
Marlyn,CSO
Marsha,CSO
Meggan,CSO
Meghann,CSO
Mellissa,CSO
Melonie,CSO
Merissa,CSO
Meryl,CSO
Michell,CSO
Michella,CSO
Mickella,CSO
Morna,CSO
Moyra,CSO
Muiriosa,CSO
Nano,CSO
Naomh,CSO
Natacha,CSO
Nataly,CSO
Natashia,CSO
Nathania,CSO
Niaimh,CSO
Niambh,CSO
Nickola,CSO
Nodlaig,CSO
Noelette,CSO
Noella,CSO
Norita,CSO
Nula,CSO
Oilbhe,CSO
Onagh,CSO
Orela,CSO
Orlath,CSO
Orlene,CSO
Patrica,CSO
Patrina,CSO
Perpetua,CSO
Perrie,CSO
Petrina,CSO
Phyllis,CSO
Raminta,CSO
Raphael,CSO
Rayanne,CSO
Remona,CSO
Richella,CSO
Richelle,CSO
Richenda,CSO
Rioghnach,CSO
Ronda,CSO
Rosann,CSO
Rosanne,CSO
Rosaria,CSO
Roseline,CSO
Rosella,CSO
Rosina,CSO
Roslin,CSO
Sabrena,CSO
Safiya,CSO
Saidhbhe,CSO
Sammy,CSO
Saundra,CSO
Sebrena,CSO
Sebrina,CSO
Seline,CSO
Severine,CSO
Sharan,CSO
Sharleen,CSO
Sharlene,CSO
Sharron,CSO
Shauneen,CSO
Shaunie,CSO
Shaunna,CSO
Sheela,CSO
Shelagh,CSO
Shena,CSO
Shereen,CSO
Shinead,CSO
Shiobhan,CSO
Shiona,CSO
Shireen,CSO
Shivaun,CSO
Sonyia,CSO
Soyna,CSO
Stacy,CSO
Stasia,CSO
Steacy,CSO
Sue,CSO
Suellen,CSO
Susann,CSO
Suzann,CSO
Syliva,CSO
Szonja,CSO
Tamlyn,CSO
Tanita,CSO
Tanja,CSO
Tarina,CSO
Tasmin,CSO
Tayna,CSO
Teresina,CSO
Terrie,CSO
Terry,CSO
Thresa,CSO
Tonya,CSO
Tracie,CSO
Treacey,CSO
Treacy,CSO
Valarie,CSO
Vayda,CSO
Velma,CSO
Venessa,CSO
Vickey,CSO
Vickie,CSO
Wanda,CSO
Wilma,CSO
Wing,CSO
Winnifred,CSO
Yolanda,CSO
Yolande,CSO
Zelda,CSO
Zeta,CSO
Zlata,CSO
Zowie,CSO
Adaline,CSO
Aizah,CSO
Ayana,CSO
Bella Rose,CSO
Dominyka,CSO
Effie,CSO
Elara,CSO
Ellie Rose,CSO
Faya,CSO
Ferne,CSO
Hamna,CSO
Harlee,CSO
Hoorain,CSO
Juniper,CSO
Kiaya,CSO
Lacey-May,CSO
Layan,CSO
Madara,CSO
Molly-Mai,CSO
Naya,CSO
Paisley,CSO
Penni,CSO
Rea,CSO
River,CSO
Sam,CSO
Tea,CSO
Tosia,CSO
Tuiren,CSO
Mea,CSO
Kaithlin,CSO
Ivanna,CSO
Bonita,CSO
Brieanna,CSO
Jack,CSO
Sean,CSO
Conor,CSO
Daniel,CSO
James,CSO
Adam,CSO
Ryan,CSO
Luke,CSO
Cian,CSO
Michael,CSO
Aaron,CSO
Thomas,CSO
Matthew,CSO
David,CSO
Oisin,CSO
Patrick,CSO
John,CSO
Cillian,CSO
Evan,CSO
Eoin,CSO
Shane,CSO
Liam,CSO
Ben,CSO
Jake,CSO
Joshua,CSO
Mark,CSO
Harry,CSO
Fionn,CSO
Joseph,CSO
Callum,CSO
Samuel,CSO
Nathan,CSO
Cathal,CSO
Kyle,CSO
Robert,CSO
Ronan,CSO
Andrew,CSO
Kevin,CSO
William,CSO
Ethan,CSO
Tadhg,CSO
Rory,CSO
Noah,CSO
Calum,CSO
Brian,CSO
Eoghan,CSO
Cormac,CSO
Finn,CSO
Aidan,CSO
Alexander,CSO
Benjamin,CSO
Rian,CSO
Stephen,CSO
Christopher,CSO
Killian,CSO
Josh,CSO
Gavin,CSO
Alan,CSO
Peter,CSO
Scott,CSO
Jason,CSO
Max,CSO
Anthony,CSO
Paul,CSO
Martin,CSO
Tom,CSO
Leon,CSO
Niall,CSO
Oliver,CSO
Rhys,CSO
Dean,CSO
Oscar,CSO
Colm,CSO
Diarmuid,CSO
Edward,CSO
Christian,CSO
Louis,CSO
Oran,CSO
Padraig,CSO
Charles,CSO
Leo,CSO
Lucas,CSO
Ross,CSO
Jacob,CSO
Kieran,CSO
Brandon,CSO
Ruairi,CSO
Tomas,CSO
Isaac,CSO
Kian,CSO
Senan,CSO
Odhran,CSO
Jakub,CSO
Jonathan,CSO
Zach,CSO
Bobby,CSO
Kacper,CSO
Hugh,CSO
Colin,CSO
Craig,CSO
Lorcan,CSO
Richard,CSO
Owen,CSO
Connor,CSO
Donnacha,CSO
Micheal,CSO
Billy,CSO
Tristan,CSO
Darren,CSO
Denis,CSO
Patryk,CSO
Philip,CSO
Daithi,CSO
Tiernan,CSO
Sebastian,CSO
Simon,CSO
Danny,CSO
Filip,CSO
Gerard,CSO
Karl,CSO
Shay,CSO
Eric,CSO
George,CSO
Calvin,CSO
Nicholas,CSO
Seamus,CSO
Brendan,CSO
Dawid,CSO
Shaun,CSO
Steven,CSO
Gearoid,CSO
Joe,CSO
Tommy,CSO
Jay,CSO
Tadgh,CSO
Ewan,CSO
Paddy,CSO
Lewis,CSO
Caleb,CSO
Marcus,CSO
Caolan,CSO
Keith,CSO
Adrian,CSO
Bradley,CSO
Oskar,CSO
Conall,CSO
Dillon,CSO
Justin,CSO
Marc,CSO
Damien,CSO
Mateusz,CSO
Muhammad,CSO
Henry,CSO
Glen,CSO
Szymon,CSO
Zack,CSO
Reuben,CSO
Timothy,CSO
Barry,CSO
Bryan,CSO
Lennon,CSO
Tiarnan,CSO
Declan,CSO
Emmet,CSO
Donal,CSO
Ian,CSO
Riain,CSO
Victor,CSO
Alfie,CSO
Dominik,CSO
Eamon,CSO
Fiachra,CSO
Gabriel,CSO
Donncha,CSO
Elliot,CSO
Gary,CSO
Ivan,CSO
Kai,CSO
Mikolaj,CSO
Neil,CSO
Pierce,CSO
Enda,CSO
Hugo,CSO
Lukas,CSO
Vincent,CSO
Shayne,CSO
Troy,CSO
Zachary,CSO
Arthur,CSO
Donagh,CSO
Noel,CSO
Shea,CSO
Theo,CSO
Toby,CSO
Bernard,CSO
Eamonn,CSO
Emmanuel,CSO
Joel,CSO
Kamil,CSO
Olivier,CSO
Pearse,CSO
Travis,CSO
Aodhan,CSO
Euan,CSO
Jonah,CSO
Mathew,CSO
Mohammad,CSO
Raymond,CSO
Tony,CSO
Conal,CSO
Conn,CSO
Dominic,CSO
Fintan,CSO
Mason,CSO
Padraic,CSO
Bartosz,CSO
Kane,CSO
Matas,CSO
Ruadhan,CSO
Antoni,CSO
Clayton,CSO
Conan,CSO
Felix,CSO
Francis,CSO
Frank,CSO
Harvey,CSO
Johnny,CSO
Michal,CSO
Mikey,CSO
Nikodem,CSO
Roan,CSO
Wayne,CSO
Will,CSO
Zak,CSO
Aran,CSO
Carl,CSO
Derek,CSO
Lochlann,CSO
Maciej,CSO
Maksymilian,CSO
Marcel,CSO
Myles,CSO
Preston,CSO
Zac,CSO
Ahmed,CSO
Alexandru,CSO
Desmond,CSO
Elijah,CSO
Elliott,CSO
Ferdia,CSO
Fionnan,CSO
Harrison,CSO
Mohammed,CSO
Nicolas,CSO
Olan,CSO
Pawel,CSO
Prince,CSO
Robbie,CSO
Roy,CSO
Sonny,CSO
Stefan,CSO
Dermot,CSO
Glenn,CSO
Igor,CSO
Kenneth,CSO
Laurence,CSO
Marco,CSO
Milo,CSO
Mohamed,CSO
Ultan,CSO
Warren,CSO
Austin,CSO
Davin,CSO
Donnchadh,CSO
Finlay,CSO
Freddie,CSO
Graham,CSO
Jeremiah,CSO
Jerry,CSO
Kealan,CSO
Maxim,CSO
Maximilian,CSO
Rocco,CSO
Ruben,CSO
Tim,CSO
Wiktor,CSO
Aron,CSO
Bill,CSO
Caoimhin,CSO
Cuan,CSO
Dan,CSO
Derry,CSO
Devin,CSO
Diego,CSO
Fionan,CSO
Gregory,CSO
Ibrahim,CSO
Jeremy,CSO
Kajus,CSO
Louie,CSO
Mario,CSO
Rossa,CSO
Abdullah,CSO
Aleksander,CSO
Andre,CSO
Andrei,CSO
Antonio,CSO
Briain,CSO
Caelan,CSO
Cole,CSO
Cory,CSO
Eli,CSO
Erik,CSO
Feidhlim,CSO
Fergal,CSO
Hubert,CSO
Jim,CSO
Kelvin,CSO
Krystian,CSO
Leonardo,CSO
Maksim,CSO
Malachy,CSO
Markuss,CSO
Nathaniel,CSO
Nojus,CSO
Ollie,CSO
Pauric,CSO
Ruaidhri,CSO
Saul,CSO
Ted,CSO
Turlough,CSO
Zachariah,CSO
Abel,CSO
Aiden,CSO
Albert,CSO
Alexandre,CSO
Andy,CSO
Daryl,CSO
Deividas,CSO
Diarmaid,CSO
Eddie,CSO
Edwin,CSO
Emil,CSO
Fabian,CSO
Finnan,CSO
Frederick,CSO
Gerry,CSO
Hamza,CSO
Kalem,CSO
Kilian,CSO
Luc,CSO
Lukasz,CSO
Maurice,CSO
Mike,CSO
Natan,CSO
Ned,CSO
Oliwier,CSO
Sean Og,CSO
Tobias,CSO
Chris,CSO
Cornelius,CSO
Cristian,CSO
Darius,CSO
Eugene,CSO
Finian,CSO
Gareth,CSO
Johnathan,CSO
Julian,CSO
Kaylem,CSO
Keegan,CSO
Kornel,CSO
Krzysztof,CSO
Marcos,CSO
Maxwell,CSO
Miguel,CSO
Pedro,CSO
Piotr,CSO
Rayan,CSO
Rokas,CSO
Roman,CSO
Seanan,CSO
Stanislaw,CSO
Theodore,CSO
Tomasz,CSO
Trevor,CSO
Xavier,CSO
Abdul,CSO
Ahmad,CSO
Andreas,CSO
Arnas,CSO
Artur,CSO
Bartlomiej,CSO
Benas,CSO
Brion,CSO
Caden,CSO
Cailum,CSO
Caoilte,CSO
Cayden,CSO
Damian,CSO
Dennis,CSO
Deon,CSO
Eryk,CSO
Iain,CSO
Iosif,CSO
Jeffrey,CSO
Jimmy,CSO
Jonas,CSO
Keane,CSO
Kuba,CSO
Larry,CSO
Leonard,CSO
Marcin,CSO
Olaf,CSO
Peadar,CSO
Phillip,CSO
Se,CSO
Stuart,CSO
Wojciech,CSO
Ajay,CSO
Archie,CSO
Arran,CSO
Art,CSO
Ayaan,CSO
Aymen,CSO
Byron,CSO
Cal,CSO
Carlos,CSO
Caylum,CSO
Clinton,CSO
Colum,CSO
Conrad,CSO
Damon,CSO
Dane,CSO
Daniels,CSO
Domhnall,CSO
Dominick,CSO
Dominykas,CSO
Edmund,CSO
Emilis,CSO
Enoch,CSO
Flynn,CSO
Franciszek,CSO
Jackson,CSO
Jared,CSO
Kaden,CSO
Kalum,CSO
Keenan,CSO
Kelan,CSO
Kristers,CSO
Leighton,CSO
Luan,CSO
Malachi,CSO
Markus,CSO
Matt,CSO
Matteo,CSO
Maximus,CSO
Ricardo,CSO
Ricky,CSO
Russell,CSO
Sami,CSO
Seosamh,CSO
Solomon,CSO
Syed,CSO
Terence,CSO
Thady,CSO
Tyrese,CSO
Wesley,CSO
Aedan,CSO
Airidas,CSO
Aironas,CSO
Aleks,CSO
Allan,CSO
Alvin,CSO
Amir,CSO
Anton,CSO
Armandas,CSO
Arron,CSO
Arturs,CSO
Aryan,CSO
Brady,CSO
Cain,CSO
Callan,CSO
Caolain,CSO
Con,CSO
Cullen,CSO
Curtis,CSO
Danielius,CSO
Deimantas,CSO
Dwayne,CSO
Eduard,CSO
Elias,CSO
Emils,CSO
Enrico,CSO
Eolann,CSO
Erikas,CSO
Fahad,CSO
Feilim,CSO
Felim,CSO
Fergus,CSO
Finan,CSO
Finbarr,CSO
Fred,CSO
Fynn,CSO
Gabrielius,CSO
Gordon,CSO
Gracjan,CSO
Hassan,CSO
Jacek,CSO
Jaiden,CSO
Jarlath,CSO
Jayson,CSO
Jerome,CSO
Kaleb,CSO
Kallum,CSO
Kalvin,CSO
Kiefer,CSO
Konrad,CSO
Krish,CSO
Kristian,CSO
Kylan,CSO
Kyran,CSO
Lawrence,CSO
Lennox,CSO
Leroy,CSO
Luis,CSO
Marek,CSO
Marko,CSO
Martynas,CSO
Mazin,CSO
Muhammed,CSO
Mustafa,CSO
Nataniel,CSO
Neal,CSO
Nedas,CSO
Nick,CSO
Nicky,CSO
Niks,CSO
Norbert,CSO
Obed,CSO
Orlando,CSO
Pearce,CSO
Phelim,CSO
Pijus,CSO
Pranav,CSO
Rafael,CSO
Raul,CSO
Rio,CSO
Rioghan,CSO
Roberto,CSO
Roberts,CSO
Ronald,CSO
Rui,CSO
Salvador,CSO
Samson,CSO
Seth,CSO
Simeon,CSO
Stanislav,CSO
Taha,CSO
Taidgh,CSO
Tariq,CSO
Viktor,CSO
Wilson,CSO
Wyatt,CSO
Aarron,CSO
Abdurahman,CSO
Adams,CSO
Alanas,CSO
Alessandro,CSO
Alfred,CSO
Allen,CSO
Amin,CSO
Anas,CSO
Andrej,CSO
Andrzej,CSO
Angelo,CSO
Angus,CSO
Aodan,CSO
Arkadiusz,CSO
Axel,CSO
Balazs,CSO
Becali,CSO
Beniamin,CSO
Bilal,CSO
Blaine,CSO
Blazej,CSO
Brad,CSO
Brandyn,CSO
Brayden,CSO
Bruno,CSO
Bryce,CSO
Cael,CSO
Cahir,CSO
Caimin,CSO
Chulainn,CSO
Cohen,CSO
Collins,CSO
Colman,CSO
Culainn,CSO
Dale,CSO
Dallan,CSO
Daven,CSO
Davey,CSO
Davitt,CSO
Denzel,CSO
Devan,CSO
Dillan,CSO
Dmitrijs,CSO
Don,CSO
Donnachadh,CSO
Donnagh,CSO
Dovydas,CSO
Edgaras,CSO
Emanuel,CSO
Emmett,CSO
Eoghain,CSO
Ephraim,CSO
Eriks,CSO
Ernest,CSO
Ernestas,CSO
Evin,CSO
Fearghal,CSO
Francesco,CSO
Freddy,CSO
Garret,CSO
Garry,CSO
Garvan,CSO
Geordan,CSO
Gerald,CSO
Gideon,CSO
Giovanni,CSO
Grantas,CSO
Guilherme,CSO
Guy,CSO
Gvidas,CSO
Habib,CSO
Hasan,CSO
Iarla,CSO
Ignas,CSO
Isaiah,CSO
Jago,CSO
Jaydon,CSO
Joao,CSO
Johan,CSO
John Paul,CSO
Jon,CSO
Jose,CSO
Juan,CSO
Julius,CSO
Kade,CSO
Kaelem,CSO
Kailum,CSO
Kajetan,CSO
Kalen,CSO
Kaylum,CSO
Keagan,CSO
Kean,CSO
Keanu,CSO
Kenan,CSO
Kevinas,CSO
Khalid,CSO
Khalil,CSO
King,CSO
Kris,CSO
Kurt,CSO
Kurtis,CSO
Kyron,CSO
Lachlan,CSO
Lincoln,CSO
Lochlainn,CSO
Loic,CSO
Lorenzo,CSO
Lucca,CSO
Maitiu,CSO
Maksims,CSO
Maksym,CSO
Malik,CSO
Manus,CSO
Matei,CSO
Micah,CSO
Milosz,CSO
Muiris,CSO
Mustapha,CSO
Nash,CSO
Orin,CSO
Paidi,CSO
Paraic,CSO
Paulius,CSO
Pavel,CSO
Ralph,CSO
Rehan,CSO
Rick,CSO
Rion,CSO
Roger,CSO
Rohan,CSO
Ronin,CSO
Ruan,CSO
Rudi,CSO
Saad,CSO
Tadg,CSO
Taidhg,CSO
Tajus,CSO
Theodor,CSO
Tiago,CSO
Timmy,CSO
Tommie,CSO
Torin,CSO
Tristian,CSO
Tymon,CSO
Tymoteusz,CSO
Tyrone,CSO
Vakaris,CSO
Vladislav,CSO
Walter,CSO
Wisdom,CSO
Xander,CSO
Yusuf,CSO
Zane,CSO
Zayd,CSO
Ze,CSO
Zi Hao,CSO
Zihan,CSO
Jun,CSO
Abdelrahman,CSO
Adem,CSO
Adrians,CSO
Aidas,CSO
Alastair,CSO
Alec,CSO
Alejandro,CSO
Aleksandr,CSO
Alexandr,CSO
Alistair,CSO
Ameer,CSO
Amos,CSO
Anand,CSO
Andrius,CSO
Aonghus,CSO
Arian,CSO
Arman,CSO
Arminas,CSO
Aronas,CSO
Asher,CSO
Avram,CSO
Barney,CSO
Barra,CSO
Bartholomew,CSO
Basil,CSO
Benedict,CSO
Bernie,CSO
Blaise,CSO
Bob,CSO
Borys,CSO
Brajan,CSO
Brandan,CSO
Brayan,CSO
Cai,CSO
Caiden,CSO
Cailean,CSO
Caine,CSO
Calan,CSO
Calem,CSO
Camden,CSO
Camron,CSO
Carter,CSO
Chad,CSO
Cianan,CSO
Ciarain,CSO
Codey,CSO
Collin,CSO
Connell,CSO
Cooper,CSO
Criostoir,CSO
Culann,CSO
Cyprian,CSO
Danann,CSO
Danial,CSO
Danil,CSO
Dante,CSO
Darra,CSO
Darryl,CSO
Dave,CSO
Davis,CSO
Dawson,CSO
Dayle,CSO
Dayne,CSO
Deivid,CSO
Deniz,CSO
Dexter,CSO
Domantas,CSO
Drake,CSO
Dylon,CSO
Edan,CSO
Edvardas,CSO
Egor,CSO
Eimantas,CSO
Elisei,CSO
Elvin,CSO
Elvis,CSO
Enrique,CSO
Erick,CSO
Eunan,CSO
Ezekiel,CSO
Fabio,CSO
Faustas,CSO
Felipe,CSO
Fiach,CSO
Finley,CSO
Finnian,CSO
Franklin,CSO
Garbhan,CSO
Garrett,CSO
Geoff,CSO
Godwin,CSO
Graeme,CSO
Grant,CSO
Hadi,CSO
Hao,CSO
Harris,CSO
Hunter,CSO
Ilya,CSO
Ioan,CSO
Issac,CSO
Jakob,CSO
Jamal,CSO
Jasper,CSO
Jeaic,CSO
Jed,CSO
Jeff,CSO
Jethro,CSO
Joris,CSO
Josef,CSO
Aaran,CSO
Aarav,CSO
Aaryan,CSO
Abdirahman,CSO
Abdulrahman,CSO
Abraham,CSO
Adas,CSO
Aden,CSO
Adomas,CSO
Adrianas,CSO
Aengus,CSO
Ailbe,CSO
Aj,CSO
Aleksandrs,CSO
Alessio,CSO
Alexey,CSO
Andi,CSO
Andres,CSO
Anish,CSO
Aodh,CSO
Arjun,CSO
Arlo,CSO
Armani,CSO
Armin,CSO
Artem,CSO
Artyom,CSO
Asa,CSO
Aston,CSO
Ayan,CSO
Ayden,CSO
Bence,CSO
Bentley,CSO
Bodhi,CSO
Boris,CSO
Bradan,CSO
Brax,CSO
Braxton,CSO
Bruce,CSO
Cailan,CSO
Canice,CSO
Caomhan,CSO
Carson,CSO
Casper,CSO
Cassian,CSO
Chase,CSO
Che,CSO
Coby,CSO
Colton,CSO
Cuinn,CSO
Darach,CSO
Davi,CSO
Davy,CSO
Denas,CSO
Domas,CSO
Dorian,CSO
Douglas,CSO
Eason,CSO
Edmond,CSO
Eduardo,CSO
Edvinas,CSO
Eibhear,CSO
Ely,CSO
Enzo,CSO
Etienne,CSO
Evanas,CSO
Ezra,CSO
Faolan,CSO
Feliks,CSO
Fletcher,CSO
Francie,CSO
Franek,CSO
Geoffrey,CSO
Giacomo,CSO
Grzegorz,CSO
Gustas,CSO
Hari,CSO
Haris,CSO
Harold,CSO
Heath,CSO
Hector,CSO
Hudson,CSO
Hughie,CSO
Hussein,CSO
Iarlaith,CSO
Immanuel,CSO
Iollan,CSO
Jace,CSO
Jai,CSO
Jaxon,CSO
Jaxson,CSO
Jaydan,CSO
Jensen,CSO
Jenson,CSO
Jer,CSO
Jermaine,CSO
Jokubas,CSO
Juliusz,CSO
Kael,CSO
Kaiden,CSO
Kain,CSO
Karim,CSO
Kasper,CSO
Kayne,CSO
Keilan,CSO
Kellan,CSO
Kirill,CSO
Koby,CSO
Kody,CSO
Konstantin,CSO
Korey,CSO
Kristupas,CSO
Ksawery,CSO
Kye,CSO
Layton,CSO
Leeroy,CSO
Levente,CSO
Leyton,CSO
Lochlan,CSO
Lucian,CSO
Macdara,CSO
Maddox,CSO
Maison,CSO
Malcolm,CSO
Mannix,CSO
Manuel,CSO
Markas,CSO
Mate,CSO
Matej,CSO
Mateo,CSO
Matiss,CSO
Matthias,CSO
Matus,CSO
Maxime,CSO
Maximillian,CSO
Mayson,CSO
Mihail,CSO
Mikhail,CSO
Miles,CSO
Moise,CSO
Moses,CSO
Mylo,CSO
Neitas,CSO
Nelson,CSO
Nikolas,CSO
Noe,CSO
Nolan,CSO
Oliwer,CSO
Olly,CSO
Omar,CSO
Omer,CSO
Oskaras,CSO
Pat,CSO
Patrik,CSO
Paudi,CSO
Paudie,CSO
Radoslaw,CSO
Rafal,CSO
Rares,CSO
Ray,CSO
Rex,CSO
Ricco,CSO
Richie,CSO
Rionn,CSO
Rodrigo,CSO
Rogan,CSO
Rojus,CSO
Romeo,CSO
Rua,CSO
Ruari,CSO
Rueben,CSO
Rufus,CSO
Rupert,CSO
Rylan,CSO
Safwan,CSO
Samir,CSO
Seanie,CSO
Sebastien,CSO
Seimi,CSO
Sonnie,CSO
Sorin,CSO
Spencer,CSO
Stanley,CSO
Steve,CSO
Sultan,CSO
Sylwester,CSO
Tarik,CSO
Teddy,CSO
Teo,CSO
Thaddeus,CSO
Tighe,CSO
Tj,CSO
Tobiasz,CSO
Tomas Og,CSO
Tommaso,CSO
Tommy Lee,CSO
Tommy-Lee,CSO
Umar,CSO
Yannis,CSO
Youcef,CSO
Younes,CSO
Yousef,CSO
Youssef,CSO
Zaid,CSO
Zain,CSO
Zakaria,CSO
Zayn,CSO
A.J.,CSO
Aayan,CSO
Abdallah,CSO
Abdel,CSO
Abhinav,CSO
Abiel,CSO
Abiola,CSO
Adamas,CSO
Adedamola,CSO
Adeoluwa,CSO
Adeshola,CSO
Adnan,CSO
Adrijus,CSO
Ahad,CSO
Akeem,CSO
Al,CSO
Alain,CSO
Alberto,CSO
Albin,CSO
Aleksandar,CSO
Alekss,CSO
Alen,CSO
Alif,CSO
Alin,CSO
Aloysius,CSO
Alphonsus,CSO
Alwin,CSO
Aman,CSO
Amar,CSO
Ambrose,CSO
Ameen,CSO
Amine,CSO
Amr,CSO
Anderson,CSO
Andrejs,CSO
Andrey,CSO
Andris,CSO
Anes,CSO
Antoin,CSO
Antony,CSO
Anuar,CSO
Arav,CSO
Arda,CSO
Arif,CSO
Arijus,CSO
Arnav,CSO
Arnold,CSO
Artiom,CSO
Artis,CSO
Artjom,CSO
Arun,CSO
Ata,CSO
Augustas,CSO
Augustine,CSO
Auryn,CSO
Austen,CSO
Aydin,CSO
Ayman,CSO
Ayobami,CSO
Ayomikun,CSO
Ayoola,CSO
Ayooluwa,CSO
Ayrton,CSO
Azlan,CSO
Barnabas,CSO
Basit,CSO
Bastian,CSO
Beni,CSO
Benjamen,CSO
Benny,CSO
Bogdan,CSO
Braden,CSO
Brain,CSO
Breen,CSO
Brien,CSO
Bronson,CSO
Bryn,CSO
Byran,CSO
Cadan,CSO
Caeden,CSO
Caelen,CSO
Caelin,CSO
Caelum,CSO
Cahal,CSO
Cailim,CSO
Cairan,CSO
Callam,CSO
Caoimhghin,CSO
Caolin,CSO
Carlo,CSO
Carraig,CSO
Carthach,CSO
Catalin,CSO
Cathair,CSO
Cathan,CSO
Caylem,CSO
Ceilim,CSO
Ceilum,CSO
Cein,CSO
Cezary,CSO
Chen,CSO
Chesney,CSO
Chidozie,CSO
Chidubem,CSO
Christiano,CSO
Christophe,CSO
Chukwuebuka,CSO
Chukwuemeka,CSO
Cialan,CSO
Cieran,CSO
Cilian,CSO
Cillin,CSO
Clement,CSO
Clifford,CSO
Clive,CSO
Coilin,CSO
Coleman,CSO
Colmcille,CSO
Columba,CSO
Conail,CSO
Conaill,CSO
Conaire,CSO
Conleth,CSO
Connal,CSO
Connall,CSO
Constantin,CSO
Coran,CSO
Corin,CSO
Cosmin,CSO
Cristiano,CSO
Cruz,CSO
Cyril,CSO
Daimhin,CSO
Dalton,CSO
Danas,CSO
Danielis,CSO
Daniil,CSO
Danila,CSO
Danish,CSO
Daniyal,CSO
Dannan,CSO
Danyl,CSO
Darby,CSO
Darian,CSO
Dario,CSO
Dariusz,CSO
Darran,CSO
Darrell,CSO
Deacon,CSO
Deaglan,CSO
Deane,CSO
Deegan,CSO
Deion,CSO
Deivids,CSO
Delvin,CSO
Dereck,CSO
Derick,CSO
Dermott,CSO
Derrick,CSO
Devlin,CSO
Devyn,CSO
Dhruv,CSO
Dilan,CSO
Dillion,CSO
Diyon,CSO
Dmitrij,CSO
Doire,CSO
Domeniks,CSO
Dominiks,CSO
Domnick,CSO
Donald,CSO
Donovan,CSO
Dualta,CSO
Duane,CSO
Duncan,CSO
Dziugas,CSO
Eabhan,CSO
Eammon,CSO
Edgar,CSO
Edgars,CSO
Eduards,CSO
Edvards,CSO
Edvin,CSO
Efraim,CSO
Ehan,CSO
Ehtan,CSO
Elijus,CSO
Eliot,CSO
Elton,CSO
Emilijus,CSO
Emre,CSO
Errol,CSO
Ervinas,CSO
Erwin,CSO
Eshan,CSO
Ethon,CSO
Ewen,CSO
Eyad,CSO
Fabien,CSO
Fachtna,CSO
Faelan,CSO
Fahd,CSO
Fareed,CSO
Faris,CSO
Faruq,CSO
Fawaz,CSO
Feargal,CSO
Federico,CSO
Finbar,CSO
Finnbarr,CSO
Flannan,CSO
Flinn,CSO
Florin,CSO
Floyd,CSO
Fortune,CSO
Fraser,CSO
Fredrick,CSO
Gabriels,CSO
Garett,CSO
Garreth,CSO
Garvin,CSO
Gavan,CSO
Gerrard,CSO
Gethin,CSO
Gianluca,CSO
Gilbert,CSO
Gino,CSO
Giuseppe,CSO
Gleb,CSO
Glynn,CSO
Gordan,CSO
Greg,CSO
Griffin,CSO
Gus,CSO
Gustavo,CSO
Gustaw,CSO
Habeeb,CSO
Haiden,CSO
Haider,CSO
Hamid,CSO
Hamish,CSO
Hank,CSO
Hao Yu,CSO
Haroldas,CSO
Harun,CSO
Hashim,CSO
Herbert,CSO
Herkus,CSO
Howard,CSO
Humphrey,CSO
Humza,CSO
Hussain,CSO
Iacov,CSO
Iarfhlaith,CSO
Ibraheem,CSO
Idris,CSO
Ifeoluwa,CSO
Ignatius,CSO
Ilias,CSO
Illan,CSO
Imran,CSO
Ion,CSO
Ionatan,CSO
Iosua,CSO
Irfan,CSO
Isac,CSO
Ishaan,CSO
Ismail,CSO
Israel,CSO
Isreal,CSO
Ivo,CSO
Ivor,CSO
Iwo,CSO
Izaac,CSO
Izaan,CSO
Jacques,CSO
Jafar,CSO
Jamie-Lee,CSO
Jarleth,CSO
Jarod,CSO
Jas,CSO
Javier,CSO
Jawad,CSO
Jayce,CSO
Jefferson,CSO
Jeffery,CSO
Jeremi,CSO
Jj,CSO
Joachim,CSO
Joaquin,CSO
Johann,CSO
Johnathon,CSO
John-Paul,CSO
Jonatan,CSO
Jonathon,CSO
Jordon,CSO
Josiah,CSO
Jospeh,CSO
Jozef,CSO
Jubril,CSO
Julien,CSO
Jun Wei,CSO
Junior,CSO
Justas,CSO
Kaelan,CSO
Kaelum,CSO
Kaide,CSO
Kailin,CSO
Kallan,CSO
Kamal,CSO
Kameron,CSO
Kareem,CSO
Karlis,CSO
Karolis,CSO
Karson,CSO
Kasparas,CSO
Kauan,CSO
Keiran,CSO
Ken,CSO
Kenechukwu,CSO
Kennedy,CSO
Kenny,CSO
Kenzo,CSO
Kevan,CSO
Kevins,CSO
Kielan,CSO
Kieron,CSO
Kingsley,CSO
Klaidas,CSO
Klaudiusz,CSO
Kobi,CSO
Konstanty,CSO
Kordian,CSO
Korneliusz,CSO
Kory,CSO
Kristaps,CSO
Kristofers,CSO
Kryspin,CSO
Ksawier,CSO
Kyal,CSO
Kylian,CSO
Lachlann,CSO
Lance,CSO
Lateef,CSO
Lauris,CSO
Laurynas,CSO
Leandro,CSO
Lemuel,CSO
Lenny,CSO
Leonidas,CSO
Liam Og,CSO
Lionel,CSO
Lleyton,CSO
Lloyd,CSO
Loughlin,CSO
Lucien,CSO
Lughaidh,CSO
Lui,CSO
Mahad,CSO
Mahmoud,CSO
Maidhc,CSO
Mairtin,CSO
Majus,CSO
Mantas,CSO
Marat,CSO
Marcas,CSO
Marceli,CSO
Marius,CSO
Marks,CSO
Marlon,CSO
Martins,CSO
Marty,CSO
Marvellous,CSO
Marvin,CSO
Matheus,CSO
Mathias,CSO
Mathieu,CSO
Matias,CSO
Matthieu,CSO
Mattia,CSO
Mattias,CSO
Mattie,CSO
Matvey,CSO
Maverick,CSO
Maxx,CSO
Maxymilian,CSO
Md,CSO
Medalion,CSO
Melvin,CSO
Mervyn,CSO
Micahel,CSO
Miceal,CSO
Michael John,CSO
Michael Junior,CSO
Michel,CSO
Mick,CSO
Mihai,CSO
Mikael,CSO
Mikie,CSO
Mirza,CSO
Mitchel,CSO
Mitchell,CSO
Mohamad,CSO
Mohsin,CSO
Mortimer,CSO
Moyosoreoluwa,CSO
Muaz,CSO
Musa,CSO
Nabil,CSO
Naglis,CSO
Naill,CSO
Nasim,CSO
Natas,CSO
Nate,CSO
Nathanael,CSO
Nathen,CSO
Nazar,CSO
Neel,CSO
Neilas,CSO
Neill,CSO
Neo,CSO
Nevan,CSO
Neville,CSO
Nevin,CSO
Nial,CSO
Nickolas,CSO
Nico,CSO
Nicolae,CSO
Nigel,CSO
Nikas,CSO
Nikolai,CSO
Nnamdi,CSO
Norman,CSO
Nosakhare,CSO
Obinna,CSO
Odin,CSO
Oktawian,CSO
Olalekan,CSO
Olanrewaju,CSO
Olaoluwa,CSO
Olasubomi,CSO
Oleg,CSO
Olin,CSO
Olufemi,CSO
Olumide,CSO
Oluwafemi,CSO
Oluwaferanmi,CSO
Oluwasegun,CSO
Oluwasijibomi,CSO
Oluwatimilehin,CSO
Oluwatimileyin,CSO
Oluwatobiloba,CSO
Oluwatomiwa,CSO
Ondrej,CSO
Onyekachi,CSO
Oren,CSO
Orestas,CSO
Orran,CSO
Orrin,CSO
Osama,CSO
Osgar,CSO
Pablo,CSO
Packie,CSO
Padhraic,CSO
Padraigh,CSO
Pascal,CSO
Paschal,CSO
Patsy,CSO
Pete,CSO
Piaras,CSO
Pierre,CSO
Pio,CSO
Przemyslaw,CSO
Qasim,CSO
Quentin,CSO
Quillan,CSO
Quincy,CSO
Radu,CSO
Rahul,CSO
Raja,CSO
Rakib,CSO
Ralfs,CSO
Rasheed,CSO
Rayyan,CSO
Razvan,CSO
Redmond,CSO
Reginald,CSO
Reid,CSO
Rhyan,CSO
Ricards,CSO
Riccardo,CSO
Ridwan,CSO
Rihards,CSO
Ritchie,CSO
Roarke,CSO
Roderick,CSO
Rodger,CSO
Rodhan,CSO
Roland,CSO
Rolands,CSO
Ron,CSO
Ronaldo,CSO
Ronnie,CSO
Ros,CSO
Ruairc,CSO
Ruarc,CSO
Rudy,CSO
Ryann,CSO
Ryszard,CSO
Said,CSO
Saif,CSO
Salim,CSO
Salman,CSO
Sameer,CSO
Samual,CSO
Santiago,CSO
Savio,CSO
Savva,CSO
Seamie,CSO
Sean Michael,CSO
Sennan,CSO
Sergej,CSO
Setanta,CSO
Seweryn,CSO
Shaheer,CSO
Shawn,CSO
Shayn,CSO
Sheriff,CSO
Simas,CSO
Simonas,CSO
Sol,CSO
Soren,CSO
Stan,CSO
Stephan,CSO
Stewart,CSO
Sylvester,CSO
T.J.,CSO
Tadas,CSO
Tadeusz,CSO
Taigh,CSO
Taighe,CSO
Taiwo,CSO
Talha,CSO
Tarlach,CSO
Tate,CSO
Teodor,CSO
Terrence,CSO
Thierry,CSO
Thom,CSO
Thor,CSO
Tiarnach,CSO
Timas,CSO
Timofey,CSO
Timotei,CSO
Timur,CSO
Titas,CSO
Todd,CSO
Toheeb,CSO
Toluwalase,CSO
Tommylee,CSO
Toms,CSO
Trey,CSO
Tristen,CSO
Tristin,CSO
Trystan,CSO
Tuan,CSO
Tudor,CSO
Tylar,CSO
Tylor,CSO
Tyreece,CSO
Tyreke,CSO
Ugnius,CSO
Ugochukwu,CSO
Usman,CSO
Uthman,CSO
Uzair,CSO
Vadim,CSO
Valentin,CSO
Vasile,CSO
Vernon,CSO
Vilius,CSO
Vince,CSO
Vlad,CSO
Vladimir,CSO
Vytautas,CSO
Wei,CSO
Willie,CSO
Wojtek,CSO
Yahya,CSO
Yanis,CSO
Yann,CSO
Yannick,CSO
Yaseen,CSO
Yash,CSO
Yasin,CSO
Yasser,CSO
Yassin,CSO
Yousif,CSO
Yuri,CSO
Yuxuan,CSO
Zachery,CSO
Zakariya,CSO
Zakk,CSO
Zander,CSO
Zeeshan,CSO
Zhi Yuan,CSO
Abd,CSO
Adrain,CSO
Adran,CSO
Adriano,CSO
Adrien,CSO
Aeneas,CSO
Aidrian,CSO
Aivaras,CSO
Alasdair,CSO
Albie,CSO
Aldo,CSO
Ammar,CSO
Antoine,CSO
Aodhagan,CSO
Aogan,CSO
Aongus,CSO
Arann,CSO
Archer,CSO
Aretas,CSO
Armaan,CSO
Atas,CSO
Axl,CSO
Bartholmew,CSO
Bartley,CSO
Benildus,CSO
Blain,CSO
Blane,CSO
Bosco,CSO
Botond,CSO
Bram,CSO
Breandan,CSO
Brett,CSO
Callaghan,CSO
Camryn,CSO
Carroll,CSO
Carthage,CSO
Ciaron,CSO
Cliff,CSO
Clint,CSO
Clyde,CSO
Coen,CSO
Columb,CSO
Columbanus,CSO
Column,CSO
Coman,CSO
Cormack,CSO
Cornilius,CSO
Cosmas,CSO
Cronan,CSO
Damion,CSO
Daran,CSO
Daren,CSO
Darin,CSO
Darrel,CSO
Darrin,CSO
Darron,CSO
Darwin,CSO
Daryll,CSO
Dearmuid,CSO
Denver,CSO
Domhnaill,CSO
Domhnal,CSO
Domnic,CSO
Donacha,CSO
Donall,CSO
Donnachadha,CSO
Donnan,CSO
Donnchadha,CSO
Donogh,CSO
Donough,CSO
Dougie,CSO
Dudley,CSO
Dustin,CSO
Dwain,CSO
Dwaine,CSO
Dwane,CSO
Earl,CSO
Earnan,CSO
Eesa,CSO
Einne,CSO
Eliott,CSO
Emlyn,CSO
Enrikas,CSO
Eogan,CSO
Esmond,CSO
Farhan,CSO
Farrell,CSO
Fearghus,CSO
Fenton,CSO
Ferghal,CSO
Fiacc,CSO
Fiacra,CSO
Fiacre,CSO
Fidelis,CSO
Finghin,CSO
Finin,CSO
Finton,CSO
Fionntan,CSO
Fiontan,CSO
Franz,CSO
Garath,CSO
Garech,CSO
Garth,CSO
Gaven,CSO
Gian,CSO
Giles,CSO
Glyn,CSO
Godfrey,CSO
Grahame,CSO
Grayson,CSO
Gregg,CSO
Grellan,CSO
Hans,CSO
Henri,CSO
Huey,CSO
Hunor,CSO
Ignacy,CSO
Jamey,CSO
Jarlaith,CSO
Jerard,CSO
Jericho,CSO
Jermiah,CSO
Jonathen,CSO
Jordi,CSO
Joss,CSO
Jurgen,CSO
Kalan,CSO
Kalel,CSO
Kalim,CSO
Kaspian,CSO
Kayson,CSO
Kealon,CSO
Keefe,CSO
Keifer,CSO
Keirn,CSO
Keneth,CSO
Kern,CSO
Kiaran,CSO
Kieth,CSO
Kiran,CSO
Kirk,CSO
Koa,CSO
Kristof,CSO
Kristopher,CSO
Laurance,CSO
Lester,CSO
Loki,CSO
Lowell,CSO
Lyndon,CSO
Mac,CSO
Macartan,CSO
Mahdi,CSO
Mahmud,CSO
Mahon,CSO
Marcell,CSO
Martyn,CSO
Mc,CSO
Mervin,CSO
Michale,CSO
Mieszko,CSO
Mohd,CSO
Morris,CSO
Mubarak,CSO
Muredach,CSO
Murtagh,CSO
Nathy,CSO
Nessan,CSO
Nevil,CSO
Nichol,CSO
Niel,CSO
Niell,CSO
Nigil,CSO
Nihal,CSO
Nils,CSO
Odhean,CSO
Odran,CSO
Oissine,CSO
Olivers,CSO
Orry,CSO
Oskars,CSO
Otto,CSO
Padhraig,CSO
Padriag,CSO
Pairic,CSO
Paolo,CSO
Pauraic,CSO
Peader,CSO
Pol,CSO
Proinsias,CSO
Quintan,CSO
Rami,CSO
Randal,CSO
Reamonn,CSO
Reggie,CSO
Ricahrd,CSO
Rickard,CSO
Rickey,CSO
Rickie,CSO
Rico,CSO
Rikki,CSO
Riobard,CSO
Risteard,CSO
Robertas,CSO
Rod,CSO
Rodney,CSO
Rolf,CSO
Ruadh,CSO
Sandro,CSO
Seadna,CSO
Seoirse,CSO
Shamus,CSO
Sheamus,CSO
Sion,CSO
Somtochukwu,CSO
St,CSO
Stanislaus,CSO
Stefano,CSO
Steffan,CSO
Terance,CSO
Trever,CSO
Ulick,CSO
Valentine,CSO
Vihaan,CSO
Virgil,CSO
Westley,CSO
Willaim,CSO
Winston,CSO
Zackary,CSO
Aahil,CSO
Alby,CSO
Ardan,CSO
Arham,CSO
Atlas,CSO
Bear,CSO
Buddy,CSO
Caedan,CSO
Callen,CSO
Caspar,CSO
Colby,CSO
Connla,CSO
Damir,CSO
Davidas,CSO
Davie,CSO
Einoras,CSO
Elyas,CSO
Emanuele,CSO
Emilio,CSO
Francisco,CSO
Gustavs,CSO
Haydn,CSO
Hendrix,CSO
Ianis,CSO
Jaylen,CSO
Jett,CSO
Jolan,CSO
Kal,CSO
Karter,CSO
Kendrick,CSO
Kingston,CSO
Kobe,CSO
Kuzey,CSO
Lughan,CSO
Mateus,CSO
Mazen,CSO
Orann,CSO
Otis,CSO
Rayaan,CSO
Reegan,CSO
Rizwan,CSO
Rob,CSO
Ryder,CSO
Sawyer,CSO
Thiago,CSO
Tyson,CSO
Valentino,CSO
Witold,CSO
Woody,CSO
Yaman,CSO
Yousuf,CSO
Affan,CSO
Alvaro,CSO
Ari,CSO
Arnoldas,CSO
Caellum,CSO
Cayson,CSO
Ceadan,CSO
Cezar,CSO
Clark,CSO
Conlan,CSO
Dax,CSO
Donnie,CSO
Dragos,CSO
Ed,CSO
Harlan,CSO
Henryk,CSO
Jad,CSO
Jadon,CSO
Judah,CSO
Kaidan,CSO
Kristians,CSO
Lugh,CSO
Maaz,CSO
Mahir,CSO
Marton,CSO
Maximilan,CSO
Mj,CSO
Murray,CSO
Neasan,CSO
Riaan,CSO
Righan,CSO
Ruhan,CSO
Silas,CSO
Tamim,CSO
Tytus,CSO
Vytis,CSO
Zayan,CSO
Yan,CSO
Zechariah,CSO
Kaylim,CSO
Tynan,CSO
Bright,CSO
Cale,CSO
Finnin,CSO
Proinnsias,CSO
